LOJA;DATA;DIA DA SEMANA;VENDAS DELIVERY BRUTO;VENDAS DELIVERY LIQUIDO;VENDAS BALCAO BRUTO;VENDAS BALCAO LIQUIDO;FATURAMENTO BRUTO;FATURAMENTO LIQUIDO
0001 - BOLOS DO FLAVIO - ASA SUL;01/04/2026;Quarta-feira;4126,9;3743,35;14451,7;14429,7;18578,6;18173,05
0001 - BOLOS DO FLAVIO - ASA SUL;02/04/2026;Quinta-feira;4497,5;4065,63;18804,8;18787,0;23302,3;22852,63
0001 - BOLOS DO FLAVIO - ASA SUL;03/04/2026;Sexta-feira;767,9;697,07;8870,7;8870,7;9638,6;9567,77
0001 - BOLOS DO FLAVIO - ASA SUL;04/04/2026;Sábado;5732,7;5127,36;14563,8;14563,8;20296,5;19691,16
0001 - BOLOS DO FLAVIO - ASA SUL;05/04/2026;Domingo;0,0;0,0;7803,4;7803,4;7803,4;7803,4
0001 - BOLOS DO FLAVIO - ASA SUL;06/04/2026;Segunda-feira;5596,9;5028,38;9338,8;9326,8;14935,7;14355,18
0001 - BOLOS DO FLAVIO - ASA SUL;07/04/2026;Terça-feira;3324,9;2960,08;9536,7;9536,7;12861,6;12496,78
0001 - BOLOS DO FLAVIO - ASA SUL;08/04/2026;Quarta-feira;4100,8;3719,36;9795,3;9795,3;13896,1;13514,66
0001 - BOLOS DO FLAVIO - ASA SUL;09/04/2026;Quinta-feira;5102,1;4674,11;10885,9;10885,9;15988,0;15560,01
0001 - BOLOS DO FLAVIO - ASA SUL;10/04/2026;Sexta-feira;5433,4;4936,2;15619,4;15619,4;21052,8;20555,6
0001 - BOLOS DO FLAVIO - ASA SUL;11/04/2026;Sábado;2586,0;2306,52;13769,2;13769,2;16355,2;16075,72
0001 - BOLOS DO FLAVIO - ASA SUL;12/04/2026;Domingo;3624,4;3279,65;9777,5;9777,5;13401,9;13057,15
0001 - BOLOS DO FLAVIO - ASA SUL;13/04/2026;Segunda-feira;4364,9;3991,45;10831,2;10831,2;15196,1;14822,65
0001 - BOLOS DO FLAVIO - ASA SUL;14/04/2026;Terça-feira;4154,9;3735,36;10778,5;10778,5;14933,4;14513,86
0001 - BOLOS DO FLAVIO - ASA SUL;15/04/2026;Quarta-feira;4174,7;3739,99;10893,7;10893,7;15068,4;14633,69
0001 - BOLOS DO FLAVIO - ASA SUL;16/04/2026;Quinta-feira;4482,2;4097,4;11614,2;11614,2;16096,4;15711,6
0001 - BOLOS DO FLAVIO - ASA SUL;17/04/2026;Sexta-feira;4098,6;3679,87;14838,5;14822,5;18937,1;18502,37
0001 - BOLOS DO FLAVIO - ASA SUL;18/04/2026;Sábado;4155,1;3728,21;13497,6;13497,6;17652,7;17225,81
0001 - BOLOS DO FLAVIO - ASA SUL;19/04/2026;Domingo;3128,9;2791,07;9087,9;9087,9;12216,8;11878,97
0001 - BOLOS DO FLAVIO - ASA SUL;20/04/2026;Segunda-feira;4261,0;3878,69;10644,5;10626,7;14905,5;14505,39
0001 - BOLOS DO FLAVIO - ASA SUL;21/04/2026;Terça-feira;1017,0;894,22;8554,8;8554,8;9571,8;9449,02
0001 - BOLOS DO FLAVIO - ASA SUL;22/04/2026;Quarta-feira;7022,9;6344,33;10330,0;10330,0;17352,9;16674,33
0001 - BOLOS DO FLAVIO - ASA SUL;23/04/2026;Quinta-feira;4254,8;3862,94;10459,8;10442,6;14714,6;14305,54
0001 - BOLOS DO FLAVIO - ASA SUL;24/04/2026;Sexta-feira;4561,0;4124,33;16086,0;16086,0;20647,0;20210,33
0001 - BOLOS DO FLAVIO - ASA SUL;25/04/2026;Sábado;3775,9;3459,29;14476,4;14476,4;18252,3;17935,69
0001 - BOLOS DO FLAVIO - ASA SUL;26/04/2026;Domingo;4898,6;4432,37;8596,0;8596,0;13494,6;13028,37
0001 - BOLOS DO FLAVIO - ASA SUL;27/04/2026;Segunda-feira;2573,0;2303,3;9144,7;9144,7;11717,7;11448,0
0001 - BOLOS DO FLAVIO - ASA SUL;28/04/2026;Terça-feira;731,0;637,0;12712,7;12711,4;13443,7;13348,4
0001 - BOLOS DO FLAVIO - ASA SUL;29/04/2026;Quarta-feira;8312,58;7569,58;12670,7;12670,7;20983,28;20240,28
0001 - BOLOS DO FLAVIO - ASA SUL;30/04/2026;Quinta-feira;6401,89;5841,72;17724,0;17724,0;24125,89;23565,72
0002 - BOLOS DO FLAVIO - POSTO;01/04/2026;Quarta-feira;3640,2;3185,29;14755,9;14746,7;18396,1;17931,99
0002 - BOLOS DO FLAVIO - POSTO;02/04/2026;Quinta-feira;6044,1;5374,84;18844,4;18837,9;24888,5;24212,74
0002 - BOLOS DO FLAVIO - POSTO;03/04/2026;Sexta-feira;4733,5;4238,68;16988,2;16988,2;21721,7;21226,88
0002 - BOLOS DO FLAVIO - POSTO;04/04/2026;Sábado;5582,8;5028,97;18793,6;18784,0;24376,4;23812,97
0002 - BOLOS DO FLAVIO - POSTO;05/04/2026;Domingo;5590,79;4966,93;13853,0;13853,0;19443,79;18819,93
0002 - BOLOS DO FLAVIO - POSTO;06/04/2026;Segunda-feira;2592,9;2235,26;8594,5;8593,2;11187,4;10828,46
0002 - BOLOS DO FLAVIO - POSTO;07/04/2026;Terça-feira;3030,89;2625,7;9282,7;9281,3;12313,59;11907,0
0002 - BOLOS DO FLAVIO - POSTO;08/04/2026;Quarta-feira;3754,9;3303,67;10828,9;10822,7;14583,8;14126,37
0002 - BOLOS DO FLAVIO - POSTO;09/04/2026;Quinta-feira;4126,0;3733,4;10000,7;9999,3;14126,7;13732,7
0002 - BOLOS DO FLAVIO - POSTO;10/04/2026;Sexta-feira;5350,0;4767,81;14380,5;14360,7;19730,5;19128,51
0002 - BOLOS DO FLAVIO - POSTO;11/04/2026;Sábado;4608,39;4078,42;20710,6;20710,6;25318,99;24789,02
0002 - BOLOS DO FLAVIO - POSTO;12/04/2026;Domingo;6707,9;6084,19;13457,3;13457,3;20165,2;19541,49
0002 - BOLOS DO FLAVIO - POSTO;13/04/2026;Segunda-feira;4050,1;3656,21;9381,6;9381,6;13431,7;13037,81
0002 - BOLOS DO FLAVIO - POSTO;14/04/2026;Terça-feira;3335,8;2879,81;11093,8;11093,8;14429,6;13973,61
0002 - BOLOS DO FLAVIO - POSTO;15/04/2026;Quarta-feira;4263,99;3708,02;11461,4;11461,4;15725,39;15169,42
0002 - BOLOS DO FLAVIO - POSTO;16/04/2026;Quinta-feira;4307,0;3782,85;12684,4;12684,4;16991,4;16467,25
0002 - BOLOS DO FLAVIO - POSTO;17/04/2026;Sexta-feira;4850,79;4358,32;17120,5;17117,9;21971,29;21476,22
0002 - BOLOS DO FLAVIO - POSTO;18/04/2026;Sábado;5263,5;4699,71;18307,6;18307,6;23571,1;23007,31
0002 - BOLOS DO FLAVIO - POSTO;19/04/2026;Domingo;6018,9;5407,17;16519,8;16497,3;22538,7;21904,47
0002 - BOLOS DO FLAVIO - POSTO;20/04/2026;Segunda-feira;4735,4;4198,48;14449,1;14449,1;19184,5;18647,58
0002 - BOLOS DO FLAVIO - POSTO;21/04/2026;Terça-feira;5911,3;5298,64;14968,7;14968,7;20880,0;20267,34
0002 - BOLOS DO FLAVIO - POSTO;22/04/2026;Quarta-feira;3557,0;3123,11;9073,7;9073,7;12630,7;12196,81
0002 - BOLOS DO FLAVIO - POSTO;23/04/2026;Quinta-feira;3087,9;2735,98;11905,3;11905,3;14993,2;14641,28
0002 - BOLOS DO FLAVIO - POSTO;24/04/2026;Sexta-feira;4367,0;3864,22;15084,5;15084,5;19451,5;18948,72
0002 - BOLOS DO FLAVIO - POSTO;25/04/2026;Sábado;5318,69;4721,84;17766,3;17766,3;23084,99;22488,14
0002 - BOLOS DO FLAVIO - POSTO;26/04/2026;Domingo;5629,6;5096,1;14483,0;14483,0;20112,6;19579,1
0002 - BOLOS DO FLAVIO - POSTO;27/04/2026;Segunda-feira;3117,8;2789,87;9370,6;9370,6;12488,4;12160,47
0002 - BOLOS DO FLAVIO - POSTO;28/04/2026;Terça-feira;3970,66;3452,43;10451,8;10451,8;14422,46;13904,23
0002 - BOLOS DO FLAVIO - POSTO;29/04/2026;Quarta-feira;4886,48;4348,24;11576,7;11576,7;16463,18;15924,94
0002 - BOLOS DO FLAVIO - POSTO;30/04/2026;Quinta-feira;5126,8;4629,22;15350,3;15350,3;20477,1;19979,52
0003 - BOLOS DO FLAVIO - GUARA;01/04/2026;Quarta-feira;3003,1;2673,23;10376,3;10376,3;13379,4;13049,53
0003 - BOLOS DO FLAVIO - GUARA;02/04/2026;Quinta-feira;3197,0;2836,23;13865,3;13865,3;17062,3;16701,53
0003 - BOLOS DO FLAVIO - GUARA;03/04/2026;Sexta-feira;3229,8;2878,97;7558,8;7504,82;10788,6;10383,79
0003 - BOLOS DO FLAVIO - GUARA;04/04/2026;Sábado;3646,8;3316,27;12513,8;12513,8;16160,6;15830,07
0003 - BOLOS DO FLAVIO - GUARA;06/04/2026;Segunda-feira;1960,4;1704,04;5972,6;5972,6;7933,0;7676,64
0003 - BOLOS DO FLAVIO - GUARA;07/04/2026;Terça-feira;2567,9;2314,4;7365,8;7365,8;9933,7;9680,2
0003 - BOLOS DO FLAVIO - GUARA;08/04/2026;Quarta-feira;2918,2;2569,53;6804,0;6799,0;9722,2;9368,53
0003 - BOLOS DO FLAVIO - GUARA;09/04/2026;Quinta-feira;2909,9;2620,96;8167,9;8161,7;11077,8;10782,66
0003 - BOLOS DO FLAVIO - GUARA;10/04/2026;Sexta-feira;3652,0;3309,64;10225,6;10182,02;13877,6;13491,66
0003 - BOLOS DO FLAVIO - GUARA;11/04/2026;Sábado;2917,1;2571,11;13189,8;13189,8;16106,9;15760,91
0003 - BOLOS DO FLAVIO - GUARA;13/04/2026;Segunda-feira;2989,1;2679,14;7607,8;7600,4;10596,9;10279,54
0003 - BOLOS DO FLAVIO - GUARA;14/04/2026;Terça-feira;3210,7;2865,7;8677,0;8677,0;11887,7;11542,7
0003 - BOLOS DO FLAVIO - GUARA;15/04/2026;Quarta-feira;3017,8;2679,14;8316,91;8311,71;11334,71;10990,85
0003 - BOLOS DO FLAVIO - GUARA;16/04/2026;Quinta-feira;3697,9;3381,83;7902,9;7902,9;11600,8;11284,73
0003 - BOLOS DO FLAVIO - GUARA;17/04/2026;Sexta-feira;2827,0;2520,04;11450,6;11447,4;14277,6;13967,44
0003 - BOLOS DO FLAVIO - GUARA;18/04/2026;Sábado;3590,0;3235,01;12902,5;12902,5;16492,5;16137,51
0003 - BOLOS DO FLAVIO - GUARA;20/04/2026;Segunda-feira;3168,4;2830,14;10088,4;10083,4;13256,8;12913,54
0003 - BOLOS DO FLAVIO - GUARA;21/04/2026;Terça-feira;3541,7;3190,51;7521,6;7521,6;11063,3;10712,11
0003 - BOLOS DO FLAVIO - GUARA;22/04/2026;Quarta-feira;2407,0;2118,26;8650,9;8642,5;11057,9;10760,76
0003 - BOLOS DO FLAVIO - GUARA;23/04/2026;Quinta-feira;3813,0;3465,91;7974,9;7972,4;11787,9;11438,31
0003 - BOLOS DO FLAVIO - GUARA;24/04/2026;Sexta-feira;4041,8;3696,04;9918,9;9912,9;13960,7;13608,94
0003 - BOLOS DO FLAVIO - GUARA;25/04/2026;Sábado;2779,4;2477,65;12667,5;12667,5;15446,9;15145,15
0003 - BOLOS DO FLAVIO - GUARA;27/04/2026;Segunda-feira;2734,9;2455,77;7135,8;7126,8;9870,7;9582,57
0003 - BOLOS DO FLAVIO - GUARA;28/04/2026;Terça-feira;2915,19;2608,04;8071,0;8061,8;10986,19;10669,84
0003 - BOLOS DO FLAVIO - GUARA;29/04/2026;Quarta-feira;2726,8;2446,98;9800,6;9800,6;12527,4;12247,58
0003 - BOLOS DO FLAVIO - GUARA;30/04/2026;Quinta-feira;4285,0;3942,06;11038,9;11038,9;15323,9;14980,96
0004 - BOLOS DO FLAVIO - BAHAMAS;01/04/2026;Quarta-feira;3129,2;2756,8;5084,0;5084,0;8213,2;7840,8
0004 - BOLOS DO FLAVIO - BAHAMAS;02/04/2026;Quinta-feira;2099,1;1867,9;6409,7;6409,7;8508,8;8277,6
0004 - BOLOS DO FLAVIO - BAHAMAS;03/04/2026;Sexta-feira;3200,7;2855,98;5472,0;5472,0;8672,7;8327,98
0004 - BOLOS DO FLAVIO - BAHAMAS;04/04/2026;Sábado;1774,0;1546,6;6678,9;6678,9;8452,9;8225,5
0004 - BOLOS DO FLAVIO - BAHAMAS;05/04/2026;Domingo;2395,8;2095,34;4898,9;4898,9;7294,7;6994,24
0004 - BOLOS DO FLAVIO - BAHAMAS;06/04/2026;Segunda-feira;1555,2;1326,38;3860,0;3860,0;5415,2;5186,38
0004 - BOLOS DO FLAVIO - BAHAMAS;07/04/2026;Terça-feira;2528,2;2260,21;4782,0;4782,0;7310,2;7042,21
0004 - BOLOS DO FLAVIO - BAHAMAS;08/04/2026;Quarta-feira;2276,0;1987,89;4964,0;4964,0;7240,0;6951,89
0004 - BOLOS DO FLAVIO - BAHAMAS;09/04/2026;Quinta-feira;2501,2;2192,47;4472,0;4472,0;6973,2;6664,47
0004 - BOLOS DO FLAVIO - BAHAMAS;10/04/2026;Sexta-feira;2743,9;2441,7;5890,9;5890,9;8634,8;8332,6
0004 - BOLOS DO FLAVIO - BAHAMAS;11/04/2026;Sábado;2562,9;2199,15;6853,9;6853,9;9416,8;9053,05
0004 - BOLOS DO FLAVIO - BAHAMAS;12/04/2026;Domingo;2736,9;2358,42;4440,9;4440,9;7177,8;6799,32
0004 - BOLOS DO FLAVIO - BAHAMAS;13/04/2026;Segunda-feira;1852,19;1634,42;5321,9;5321,9;7174,09;6956,32
0004 - BOLOS DO FLAVIO - BAHAMAS;14/04/2026;Terça-feira;2537,3;2253,3;3366,0;3366,0;5903,3;5619,3
0004 - BOLOS DO FLAVIO - BAHAMAS;15/04/2026;Quarta-feira;3114,8;2726,05;4728,0;4728,0;7842,8;7454,05
0004 - BOLOS DO FLAVIO - BAHAMAS;16/04/2026;Quinta-feira;2462,89;2180,17;6109,7;6109,7;8572,59;8289,87
0004 - BOLOS DO FLAVIO - BAHAMAS;17/04/2026;Sexta-feira;2198,0;1924,84;6653,0;6653,0;8851,0;8577,84
0004 - BOLOS DO FLAVIO - BAHAMAS;18/04/2026;Sábado;2461,8;2174,09;7937,0;7937,0;10398,8;10111,09
0004 - BOLOS DO FLAVIO - BAHAMAS;19/04/2026;Domingo;2037,9;1798,4;3829,0;3829,0;5866,9;5627,4
0004 - BOLOS DO FLAVIO - BAHAMAS;20/04/2026;Segunda-feira;2557,68;2317,71;5952,0;5952,0;8509,68;8269,71
0004 - BOLOS DO FLAVIO - BAHAMAS;21/04/2026;Terça-feira;3741,0;3328,5;4816,0;4816,0;8557,0;8144,5
0004 - BOLOS DO FLAVIO - BAHAMAS;22/04/2026;Quarta-feira;2364,2;2021,2;4495,0;4491,0;6859,2;6512,2
0004 - BOLOS DO FLAVIO - BAHAMAS;23/04/2026;Quinta-feira;2607,1;2304,13;5574,9;5574,9;8182,0;7879,03
0004 - BOLOS DO FLAVIO - BAHAMAS;24/04/2026;Sexta-feira;1749,0;1505,68;5873,0;5873,0;7622,0;7378,68
0004 - BOLOS DO FLAVIO - BAHAMAS;25/04/2026;Sábado;4191,2;3749,95;7717,0;7717,0;11908,2;11466,95
0004 - BOLOS DO FLAVIO - BAHAMAS;26/04/2026;Domingo;2691,2;2400,38;4977,8;4977,8;7669,0;7378,18
0004 - BOLOS DO FLAVIO - BAHAMAS;27/04/2026;Segunda-feira;1544,0;1346,51;3280,0;3280,0;4824,0;4626,51
0004 - BOLOS DO FLAVIO - BAHAMAS;28/04/2026;Terça-feira;2929,89;2607,39;4940,8;4940,8;7870,69;7548,19
0004 - BOLOS DO FLAVIO - BAHAMAS;29/04/2026;Quarta-feira;2385,0;2071,83;5503,9;5503,9;7888,9;7575,73
0004 - BOLOS DO FLAVIO - BAHAMAS;30/04/2026;Quinta-feira;2683,7;2461,83;5642,0;5642,0;8325,7;8103,83
0005 - BOLOS DO FLAVIO - QUADRA 1;01/04/2026;Quarta-feira;1568,0;1321,05;4267,0;4267,0;5835,0;5588,05
0005 - BOLOS DO FLAVIO - QUADRA 1;02/04/2026;Quinta-feira;1264,0;1086,22;5558,0;5558,0;6822,0;6644,22
0005 - BOLOS DO FLAVIO - QUADRA 1;03/04/2026;Sexta-feira;826,0;707,11;4037,0;4037,0;4863,0;4744,11
0005 - BOLOS DO FLAVIO - QUADRA 1;04/04/2026;Sábado;1826,1;1636,17;6337,8;6337,8;8163,9;7973,97
0005 - BOLOS DO FLAVIO - QUADRA 1;06/04/2026;Segunda-feira;1584,0;1386,16;3283,0;3283,0;4867,0;4669,16
0005 - BOLOS DO FLAVIO - QUADRA 1;07/04/2026;Terça-feira;880,0;749,13;4898,0;4898,0;5778,0;5647,13
0005 - BOLOS DO FLAVIO - QUADRA 1;08/04/2026;Quarta-feira;1853,9;1643,61;4187,0;4166,7;6040,9;5810,31
0005 - BOLOS DO FLAVIO - QUADRA 1;09/04/2026;Quinta-feira;1429,0;1255,4;5071,0;5071,0;6500,0;6326,4
0005 - BOLOS DO FLAVIO - QUADRA 1;10/04/2026;Sexta-feira;1529,0;1335,14;4434,0;4434,0;5963,0;5769,14
0005 - BOLOS DO FLAVIO - QUADRA 1;11/04/2026;Sábado;2155,8;1946,8;6085,0;6085,0;8240,8;8031,8
0005 - BOLOS DO FLAVIO - QUADRA 1;13/04/2026;Segunda-feira;797,19;677,74;4025,0;4025,0;4822,19;4702,74
0005 - BOLOS DO FLAVIO - QUADRA 1;14/04/2026;Terça-feira;1994,0;1737,58;4163,0;4159,8;6157,0;5897,38
0005 - BOLOS DO FLAVIO - QUADRA 1;15/04/2026;Quarta-feira;1781,9;1587,1;4204,0;4204,0;5985,9;5791,1
0005 - BOLOS DO FLAVIO - QUADRA 1;16/04/2026;Quinta-feira;1547,2;1327,43;4961,9;4961,9;6509,1;6289,33
0005 - BOLOS DO FLAVIO - QUADRA 1;17/04/2026;Sexta-feira;2234,8;1961,3;5115,0;5115,0;7349,8;7076,3
0005 - BOLOS DO FLAVIO - QUADRA 1;18/04/2026;Sábado;1550,9;1353,16;6457,9;6457,9;8008,8;7811,06
0005 - BOLOS DO FLAVIO - QUADRA 1;20/04/2026;Segunda-feira;1886,0;1709,7;4831,0;4831,0;6717,0;6540,7
0005 - BOLOS DO FLAVIO - QUADRA 1;21/04/2026;Terça-feira;1879,0;1644,42;3765,0;3765,0;5644,0;5409,42
0005 - BOLOS DO FLAVIO - QUADRA 1;22/04/2026;Quarta-feira;1561,0;1381,2;4226,9;4226,9;5787,9;5608,1
0005 - BOLOS DO FLAVIO - QUADRA 1;23/04/2026;Quinta-feira;2454,98;2211,74;3790,0;3790,0;6244,98;6001,74
0005 - BOLOS DO FLAVIO - QUADRA 1;24/04/2026;Sexta-feira;2253,9;2018,68;4158,0;4158,0;6411,9;6176,68
0005 - BOLOS DO FLAVIO - QUADRA 1;25/04/2026;Sábado;1931,9;1723,21;5545,0;5545,0;7476,9;7268,21
0005 - BOLOS DO FLAVIO - QUADRA 1;27/04/2026;Segunda-feira;1293,2;1156,01;3923,9;3923,9;5217,1;5079,91
0005 - BOLOS DO FLAVIO - QUADRA 1;28/04/2026;Terça-feira;1311,0;1147,0;4330,0;4330,0;5641,0;5477,0
0005 - BOLOS DO FLAVIO - QUADRA 1;29/04/2026;Quarta-feira;1503,2;1332,92;4255,9;4255,9;5759,1;5588,82
0005 - BOLOS DO FLAVIO - QUADRA 1;30/04/2026;Quinta-feira;1471,0;1314,51;5582,8;5582,8;7053,8;6897,31
0006 - BOLOS DO FLAVIO - NOROESTE;01/04/2026;Quarta-feira;3577,8;3275,9;4539,0;4539,0;8116,8;7814,9
0006 - BOLOS DO FLAVIO - NOROESTE;02/04/2026;Quinta-feira;4277,1;3976,65;7950,8;7950,8;12227,9;11927,45
0006 - BOLOS DO FLAVIO - NOROESTE;03/04/2026;Sexta-feira;2844,7;2545,52;3381,9;3381,9;6226,6;5927,42
0006 - BOLOS DO FLAVIO - NOROESTE;04/04/2026;Sábado;3079,1;2776,39;6895,7;6895,7;9974,8;9672,09
0006 - BOLOS DO FLAVIO - NOROESTE;06/04/2026;Segunda-feira;2743,9;2465,45;3860,0;3857,2;6603,9;6322,65
0006 - BOLOS DO FLAVIO - NOROESTE;07/04/2026;Terça-feira;2773,0;2569,87;4279,9;4278,5;7052,9;6848,37
0006 - BOLOS DO FLAVIO - NOROESTE;08/04/2026;Quarta-feira;2573,1;2369,1;3976,8;3973,6;6549,9;6342,7
0006 - BOLOS DO FLAVIO - NOROESTE;09/04/2026;Quinta-feira;3339,1;3123,85;4659,0;4659,0;7998,1;7782,85
0006 - BOLOS DO FLAVIO - NOROESTE;10/04/2026;Sexta-feira;3244,1;3034,35;5378,7;5378,7;8622,8;8413,05
0006 - BOLOS DO FLAVIO - NOROESTE;11/04/2026;Sábado;2608,8;2413,55;6947,5;6947,5;9556,3;9361,05
0006 - BOLOS DO FLAVIO - NOROESTE;13/04/2026;Segunda-feira;2523,9;2325,56;4827,0;4827,0;7350,9;7152,56
0006 - BOLOS DO FLAVIO - NOROESTE;14/04/2026;Terça-feira;3524,9;3315,4;4720,9;4720,9;8245,8;8036,3
0006 - BOLOS DO FLAVIO - NOROESTE;15/04/2026;Quarta-feira;3817,7;3615,45;4164,0;4159,6;7981,7;7775,05
0006 - BOLOS DO FLAVIO - NOROESTE;16/04/2026;Quinta-feira;3481,9;3277,16;4818,0;4818,0;8299,9;8095,16
0006 - BOLOS DO FLAVIO - NOROESTE;17/04/2026;Sexta-feira;3511,4;3308,0;6872,8;6870,7;10384,2;10178,7
0006 - BOLOS DO FLAVIO - NOROESTE;18/04/2026;Sábado;2486,0;2285,35;6467,6;6466,2;8953,6;8751,55
0006 - BOLOS DO FLAVIO - NOROESTE;20/04/2026;Segunda-feira;2955,8;2751,3;5519,8;5493,82;8475,6;8245,12
0006 - BOLOS DO FLAVIO - NOROESTE;21/04/2026;Terça-feira;3059,0;2850,25;3469,0;3469,0;6528,0;6319,25
0006 - BOLOS DO FLAVIO - NOROESTE;22/04/2026;Quarta-feira;3785,8;3601,12;3527,0;3525,6;7312,8;7126,72
0006 - BOLOS DO FLAVIO - NOROESTE;23/04/2026;Quinta-feira;3611,7;3408,95;4346,0;4346,0;7957,7;7754,95
0006 - BOLOS DO FLAVIO - NOROESTE;24/04/2026;Sexta-feira;3881,9;3681,65;6196,0;6194,6;10077,9;9876,25
0006 - BOLOS DO FLAVIO - NOROESTE;25/04/2026;Sábado;2932,9;2727,4;5839,9;5839,9;8772,8;8567,3
0006 - BOLOS DO FLAVIO - NOROESTE;27/04/2026;Segunda-feira;3195,9;2990,9;4314,9;4314,9;7510,8;7305,8
0006 - BOLOS DO FLAVIO - NOROESTE;28/04/2026;Terça-feira;3715,8;3530,8;4528,0;4528,0;8243,8;8058,8
0006 - BOLOS DO FLAVIO - NOROESTE;29/04/2026;Quarta-feira;3978,9;3799,95;5363,7;5363,7;9342,6;9163,65
0006 - BOLOS DO FLAVIO - NOROESTE;30/04/2026;Quinta-feira;4182,7;3954,54;7164,9;7162,4;11347,6;11116,94
0007 - BOLOS DO FLAVIO - ASA NORTE;01/04/2026;Quarta-feira;10589,3;9846,88;15838,3;15838,3;26427,6;25685,18
0007 - BOLOS DO FLAVIO - ASA NORTE;02/04/2026;Quinta-feira;9907,39;9261,07;20275,8;20272,6;30183,19;29533,67
0007 - BOLOS DO FLAVIO - ASA NORTE;03/04/2026;Sexta-feira;4064,0;3637,2;6442,9;6442,9;10506,9;10080,1
0007 - BOLOS DO FLAVIO - ASA NORTE;04/04/2026;Sábado;4091,6;3727,79;13703,3;13703,3;17794,9;17431,09
0007 - BOLOS DO FLAVIO - ASA NORTE;06/04/2026;Segunda-feira;6967,66;6394,11;11283,8;11271,4;18251,46;17665,51
0007 - BOLOS DO FLAVIO - ASA NORTE;07/04/2026;Terça-feira;8933,78;8340,03;11686,4;11684,1;20620,18;20024,13
0007 - BOLOS DO FLAVIO - ASA NORTE;08/04/2026;Quarta-feira;7021,7;6467,87;13977,5;13976,0;20999,2;20443,87
0007 - BOLOS DO FLAVIO - ASA NORTE;09/04/2026;Quinta-feira;7894,0;7280,99;13703,7;13687,7;21597,7;20968,69
0007 - BOLOS DO FLAVIO - ASA NORTE;10/04/2026;Sexta-feira;9829,8;9238,07;17950,0;17928,1;27779,8;27166,17
0007 - BOLOS DO FLAVIO - ASA NORTE;11/04/2026;Sábado;4730,8;4293,81;11812,7;11812,7;16543,5;16106,51
0007 - BOLOS DO FLAVIO - ASA NORTE;13/04/2026;Segunda-feira;7413,9;6802,25;12106,4;12103,6;19520,3;18905,85
0007 - BOLOS DO FLAVIO - ASA NORTE;14/04/2026;Terça-feira;7416,68;6824,21;12705,7;12705,7;20122,38;19529,91
0007 - BOLOS DO FLAVIO - ASA NORTE;15/04/2026;Quarta-feira;8703,5;8044,19;12818,5;12818,5;21522,0;20862,69
0007 - BOLOS DO FLAVIO - ASA NORTE;16/04/2026;Quinta-feira;9456,4;8791,5;13410,7;13407,9;22867,1;22199,4
0007 - BOLOS DO FLAVIO - ASA NORTE;17/04/2026;Sexta-feira;10430,18;9769,2;18727,6;18727,6;29157,78;28496,8
0007 - BOLOS DO FLAVIO - ASA NORTE;18/04/2026;Sábado;3763,67;3412,49;12474,6;12474,6;16238,27;15887,09
0007 - BOLOS DO FLAVIO - ASA NORTE;20/04/2026;Segunda-feira;5306,9;4858,82;12094,5;12094,5;17401,4;16953,32
0007 - BOLOS DO FLAVIO - ASA NORTE;21/04/2026;Terça-feira;3895,98;3492,17;6019,5;6019,5;9915,48;9511,67
0007 - BOLOS DO FLAVIO - ASA NORTE;22/04/2026;Quarta-feira;8780,29;8136,3;11883,6;11883,6;20663,89;20019,9
0007 - BOLOS DO FLAVIO - ASA NORTE;23/04/2026;Quinta-feira;8118,79;7410,54;15002,8;15002,8;23121,59;22413,34
0007 - BOLOS DO FLAVIO - ASA NORTE;24/04/2026;Sexta-feira;8680,68;8050,93;17805,8;17798,1;26486,48;25849,03
0007 - BOLOS DO FLAVIO - ASA NORTE;25/04/2026;Sábado;2962,0;2655,01;14222,0;14222,0;17184,0;16877,01
0007 - BOLOS DO FLAVIO - ASA NORTE;27/04/2026;Segunda-feira;7410,09;6788,97;11532,7;11525,1;18942,79;18314,07
0007 - BOLOS DO FLAVIO - ASA NORTE;28/04/2026;Terça-feira;8408,57;7699,07;13242,7;13232,7;21651,27;20931,77
0007 - BOLOS DO FLAVIO - ASA NORTE;29/04/2026;Quarta-feira;9312,38;8591,44;14648,7;14648,7;23961,08;23240,14
0007 - BOLOS DO FLAVIO - ASA NORTE;30/04/2026;Quinta-feira;12515,58;11592,28;19985,3;19985,3;32500,88;31577,58
0008 - BOLOS DO FLAVIO - CENTRAL;01/04/2026;Quarta-feira;977,0;858,53;4756,0;4756,0;5733,0;5614,53
0008 - BOLOS DO FLAVIO - CENTRAL;02/04/2026;Quinta-feira;486,0;411,05;5651,0;5651,0;6137,0;6062,05
0008 - BOLOS DO FLAVIO - CENTRAL;03/04/2026;Sexta-feira;783,0;676,04;3908,9;3908,9;4691,9;4584,94
0008 - BOLOS DO FLAVIO - CENTRAL;04/04/2026;Sábado;593,0;490,04;6455,8;6455,8;7048,8;6945,84
0008 - BOLOS DO FLAVIO - CENTRAL;06/04/2026;Segunda-feira;377,0;304,03;2594,0;2588,0;2971,0;2892,03
0008 - BOLOS DO FLAVIO - CENTRAL;07/04/2026;Terça-feira;298,9;267,98;3823,0;3823,0;4121,9;4090,98
0008 - BOLOS DO FLAVIO - CENTRAL;08/04/2026;Quarta-feira;623,0;498,68;4419,0;4419,0;5042,0;4917,68
0008 - BOLOS DO FLAVIO - CENTRAL;09/04/2026;Quinta-feira;788,0;667,9;4718,9;4718,9;5506,9;5386,8
0008 - BOLOS DO FLAVIO - CENTRAL;10/04/2026;Sexta-feira;1053,2;880,67;5207,0;5167,0;6260,2;6047,67
0008 - BOLOS DO FLAVIO - CENTRAL;11/04/2026;Sábado;162,0;132,0;5783,0;5783,0;5945,0;5915,0
0008 - BOLOS DO FLAVIO - CENTRAL;13/04/2026;Segunda-feira;664,9;582,9;4138,0;4138,0;4802,9;4720,9
0008 - BOLOS DO FLAVIO - CENTRAL;14/04/2026;Terça-feira;148,0;131,0;4189,0;4189,0;4337,0;4320,0
0008 - BOLOS DO FLAVIO - CENTRAL;15/04/2026;Quarta-feira;873,0;707,43;4206,0;4206,0;5079,0;4913,43
0008 - BOLOS DO FLAVIO - CENTRAL;16/04/2026;Quinta-feira;755,0;637,32;4671,0;4671,0;5426,0;5308,32
0008 - BOLOS DO FLAVIO - CENTRAL;17/04/2026;Sexta-feira;445,0;385,01;5296,0;5296,0;5741,0;5681,01
0008 - BOLOS DO FLAVIO - CENTRAL;18/04/2026;Sábado;931,0;768,3;6653,9;6653,9;7584,9;7422,2
0008 - BOLOS DO FLAVIO - CENTRAL;20/04/2026;Segunda-feira;788,9;650,9;4199,9;4199,9;4988,8;4850,8
0008 - BOLOS DO FLAVIO - CENTRAL;21/04/2026;Terça-feira;656,09;563,96;3170,0;3170,0;3826,09;3733,96
0008 - BOLOS DO FLAVIO - CENTRAL;22/04/2026;Quarta-feira;1354,2;1161,83;1578,0;1578,0;2932,2;2739,83
0008 - BOLOS DO FLAVIO - CENTRAL;23/04/2026;Quinta-feira;0,0;0,0;6318,9;6318,9;6318,9;6318,9
0008 - BOLOS DO FLAVIO - CENTRAL;24/04/2026;Sexta-feira;1036,0;890,82;5171,0;5162,0;6207,0;6052,82
0008 - BOLOS DO FLAVIO - CENTRAL;25/04/2026;Sábado;0,0;0,0;5104,9;5104,9;5104,9;5104,9
0008 - BOLOS DO FLAVIO - CENTRAL;27/04/2026;Segunda-feira;1709,0;1467,0;3295,0;3295,0;5004,0;4762,0
0008 - BOLOS DO FLAVIO - CENTRAL;28/04/2026;Terça-feira;864,0;700,5;3612,0;3612,0;4476,0;4312,5
0008 - BOLOS DO FLAVIO - CENTRAL;29/04/2026;Quarta-feira;797,0;647,66;4707,0;4707,0;5504,0;5354,66
0008 - BOLOS DO FLAVIO - CENTRAL;30/04/2026;Quinta-feira;897,0;779,13;5459,0;5447,4;6356,0;6226,53
0009 - BOLOS DO FLAVIO - GILBERTO;01/04/2026;Quarta-feira;2608,0;2320,27;5079,0;5079,0;7687,0;7399,27
0009 - BOLOS DO FLAVIO - GILBERTO;02/04/2026;Quinta-feira;1443,2;1290,26;6527,0;6527,0;7970,2;7817,26
0009 - BOLOS DO FLAVIO - GILBERTO;04/04/2026;Sábado;1214,8;1124,81;6379,7;6379,7;7594,5;7504,51
0009 - BOLOS DO FLAVIO - GILBERTO;06/04/2026;Segunda-feira;1218,2;1064,22;3651,9;3651,9;4870,1;4716,12
0009 - BOLOS DO FLAVIO - GILBERTO;07/04/2026;Terça-feira;1770,9;1563,41;4053,9;4053,9;5824,8;5617,31
0009 - BOLOS DO FLAVIO - GILBERTO;08/04/2026;Quarta-feira;1919,8;1703,44;3592,0;3592,0;5511,8;5295,44
0009 - BOLOS DO FLAVIO - GILBERTO;09/04/2026;Quinta-feira;2175,1;1938,65;4812,0;4812,0;6987,1;6750,65
0009 - BOLOS DO FLAVIO - GILBERTO;10/04/2026;Sexta-feira;2021,0;1790,9;5669,0;5669,0;7690,0;7459,9
0009 - BOLOS DO FLAVIO - GILBERTO;11/04/2026;Sábado;1003,0;877,0;6300,7;6300,7;7303,7;7177,7
0009 - BOLOS DO FLAVIO - GILBERTO;13/04/2026;Segunda-feira;1960,9;1758,94;4068,0;4068,0;6028,9;5826,94
0009 - BOLOS DO FLAVIO - GILBERTO;14/04/2026;Terça-feira;2448,0;2162,17;4511,9;4511,9;6959,9;6674,07
0009 - BOLOS DO FLAVIO - GILBERTO;15/04/2026;Quarta-feira;1488,9;1314,91;5048,7;5048,7;6537,6;6363,61
0009 - BOLOS DO FLAVIO - GILBERTO;16/04/2026;Quinta-feira;2807,1;2536,36;4766,9;4766,9;7574,0;7303,26
0009 - BOLOS DO FLAVIO - GILBERTO;17/04/2026;Sexta-feira;2235,2;2042,7;6296,8;6296,8;8532,0;8339,5
0009 - BOLOS DO FLAVIO - GILBERTO;18/04/2026;Sábado;1554,0;1360,23;5832,8;5832,8;7386,8;7193,03
0009 - BOLOS DO FLAVIO - GILBERTO;20/04/2026;Segunda-feira;1558,0;1363,01;5073,0;5073,0;6631,0;6436,01
0009 - BOLOS DO FLAVIO - GILBERTO;21/04/2026;Terça-feira;1098,8;969,34;1877,0;1877,0;2975,8;2846,34
0009 - BOLOS DO FLAVIO - GILBERTO;22/04/2026;Quarta-feira;2035,0;1800,79;4379,0;4379,0;6414,0;6179,79
0009 - BOLOS DO FLAVIO - GILBERTO;23/04/2026;Quinta-feira;1977,2;1770,73;5131,9;5131,9;7109,1;6902,63
0009 - BOLOS DO FLAVIO - GILBERTO;24/04/2026;Sexta-feira;2220,09;2025,29;7078,9;7071,7;9298,99;9096,99
0009 - BOLOS DO FLAVIO - GILBERTO;25/04/2026;Sábado;1494,0;1340,5;5023,8;5023,8;6517,8;6364,3
0009 - BOLOS DO FLAVIO - GILBERTO;27/04/2026;Segunda-feira;2291,2;2066,22;4820,0;4820,0;7111,2;6886,22
0009 - BOLOS DO FLAVIO - GILBERTO;28/04/2026;Terça-feira;2890,9;2593,9;3396,9;3396,9;6287,8;5990,8
0009 - BOLOS DO FLAVIO - GILBERTO;29/04/2026;Quarta-feira;2491,1;2289,3;5195,0;5195,0;7686,1;7484,3
0009 - BOLOS DO FLAVIO - GILBERTO;30/04/2026;Quinta-feira;2889,1;2619,64;6042,0;6042,0;8931,1;8661,64
0010 - BOLO DO FLAVIO-JARDIM BOTANICO;01/04/2026;Quarta-feira;1366,2;1183,29;7566,9;7566,9;8933,1;8750,19
0010 - BOLO DO FLAVIO-JARDIM BOTANICO;02/04/2026;Quinta-feira;1444,9;1260,97;10581,5;10581,5;12026,4;11842,47
0010 - BOLO DO FLAVIO-JARDIM BOTANICO;03/04/2026;Sexta-feira;1635,6;1452,19;8262,8;8262,8;9898,4;9714,99
0010 - BOLO DO FLAVIO-JARDIM BOTANICO;04/04/2026;Sábado;1043,9;907,96;13980,4;13980,4;15024,3;14888,36
0010 - BOLO DO FLAVIO-JARDIM BOTANICO;05/04/2026;Domingo;581,2;511,43;2726,9;2726,9;3308,1;3238,33
0010 - BOLO DO FLAVIO-JARDIM BOTANICO;06/04/2026;Segunda-feira;1085,9;945,94;6045,9;6045,9;7131,8;6991,84
0010 - BOLO DO FLAVIO-JARDIM BOTANICO;07/04/2026;Terça-feira;966,0;844,25;5934,9;5934,9;6900,9;6779,15
0010 - BOLO DO FLAVIO-JARDIM BOTANICO;08/04/2026;Quarta-feira;1261,0;1126,72;6532,7;6532,7;7793,7;7659,42
0010 - BOLO DO FLAVIO-JARDIM BOTANICO;09/04/2026;Quinta-feira;1693,0;1539,02;6921,9;6918,7;8614,9;8457,72
0010 - BOLO DO FLAVIO-JARDIM BOTANICO;10/04/2026;Sexta-feira;1294,9;1129,4;8956,0;8956,0;10250,9;10085,4
0010 - BOLO DO FLAVIO-JARDIM BOTANICO;11/04/2026;Sábado;1269,9;1114,04;12339,8;12339,8;13609,7;13453,84
0010 - BOLO DO FLAVIO-JARDIM BOTANICO;13/04/2026;Segunda-feira;1227,0;1081,05;6964,9;6964,9;8191,9;8045,95
0010 - BOLO DO FLAVIO-JARDIM BOTANICO;14/04/2026;Terça-feira;1399,0;1263,0;7845,0;7845,0;9244,0;9108,0
0010 - BOLO DO FLAVIO-JARDIM BOTANICO;15/04/2026;Quarta-feira;1459,9;1300,9;7646,8;7646,8;9106,7;8947,7
0010 - BOLO DO FLAVIO-JARDIM BOTANICO;16/04/2026;Quinta-feira;1520,9;1380,98;8319,9;8319,9;9840,8;9700,88
0010 - BOLO DO FLAVIO-JARDIM BOTANICO;17/04/2026;Sexta-feira;1609,9;1424,67;10144,0;10144,0;11753,9;11568,67
0010 - BOLO DO FLAVIO-JARDIM BOTANICO;18/04/2026;Sábado;2283,1;2062,35;12195,5;12195,5;14478,6;14257,85
0010 - BOLO DO FLAVIO-JARDIM BOTANICO;20/04/2026;Segunda-feira;1195,7;1069,3;9811,8;9800,0;11007,5;10869,3
0010 - BOLO DO FLAVIO-JARDIM BOTANICO;21/04/2026;Terça-feira;1798,9;1606,4;7466,9;7466,9;9265,8;9073,3
0010 - BOLO DO FLAVIO-JARDIM BOTANICO;22/04/2026;Quarta-feira;1789,0;1590,0;6864,9;6864,9;8653,9;8454,9
0010 - BOLO DO FLAVIO-JARDIM BOTANICO;23/04/2026;Quinta-feira;2165,0;1957,4;7319,7;7319,7;9484,7;9277,1
0010 - BOLO DO FLAVIO-JARDIM BOTANICO;24/04/2026;Sexta-feira;2198,4;2023,55;9728,6;9728,6;11927,0;11752,15
0010 - BOLO DO FLAVIO-JARDIM BOTANICO;25/04/2026;Sábado;1233,9;1145,04;10989,8;10987,2;12223,7;12132,24
0010 - BOLO DO FLAVIO-JARDIM BOTANICO;27/04/2026;Segunda-feira;1336,9;1218,94;6308,0;6308,0;7644,9;7526,94
0010 - BOLO DO FLAVIO-JARDIM BOTANICO;28/04/2026;Terça-feira;1535,0;1403,16;7014,8;7014,8;8549,8;8417,96
0010 - BOLO DO FLAVIO-JARDIM BOTANICO;29/04/2026;Quarta-feira;1148,9;1024,28;6828,7;6828,7;7977,6;7852,98
0010 - BOLO DO FLAVIO-JARDIM BOTANICO;30/04/2026;Quinta-feira;1928,0;1787,54;9801,8;9801,8;11729,8;11589,34
0011 - BOLOS DO FLAVIO - CONTAINER;01/04/2026;Quarta-feira;0,0;0,0;7753,0;7753,0;7753,0;7753,0
0011 - BOLOS DO FLAVIO - CONTAINER;02/04/2026;Quinta-feira;0,0;0,0;8824,0;8824,0;8824,0;8824,0
0011 - BOLOS DO FLAVIO - CONTAINER;03/04/2026;Sexta-feira;0,0;0,0;7788,0;7788,0;7788,0;7788,0
0011 - BOLOS DO FLAVIO - CONTAINER;04/04/2026;Sábado;0,0;0,0;8634,9;8634,9;8634,9;8634,9
0011 - BOLOS DO FLAVIO - CONTAINER;05/04/2026;Domingo;0,0;0,0;5408,0;5408,0;5408,0;5408,0
0011 - BOLOS DO FLAVIO - CONTAINER;06/04/2026;Segunda-feira;0,0;0,0;5374,0;5374,0;5374,0;5374,0
0011 - BOLOS DO FLAVIO - CONTAINER;07/04/2026;Terça-feira;0,0;0,0;5696,0;5696,0;5696,0;5696,0
0011 - BOLOS DO FLAVIO - CONTAINER;08/04/2026;Quarta-feira;0,0;0,0;5374,0;5374,0;5374,0;5374,0
0011 - BOLOS DO FLAVIO - CONTAINER;09/04/2026;Quinta-feira;0,0;0,0;6489,0;6489,0;6489,0;6489,0
0011 - BOLOS DO FLAVIO - CONTAINER;10/04/2026;Sexta-feira;0,0;0,0;7355,0;7355,0;7355,0;7355,0
0011 - BOLOS DO FLAVIO - CONTAINER;11/04/2026;Sábado;0,0;0,0;8580,0;8580,0;8580,0;8580,0
0011 - BOLOS DO FLAVIO - CONTAINER;12/04/2026;Domingo;0,0;0,0;6115,8;6115,8;6115,8;6115,8
0011 - BOLOS DO FLAVIO - CONTAINER;13/04/2026;Segunda-feira;0,0;0,0;6388,0;6388,0;6388,0;6388,0
0011 - BOLOS DO FLAVIO - CONTAINER;14/04/2026;Terça-feira;0,0;0,0;5656,8;5656,8;5656,8;5656,8
0011 - BOLOS DO FLAVIO - CONTAINER;15/04/2026;Quarta-feira;0,0;0,0;7137,0;7127,1;7137,0;7127,1
0011 - BOLOS DO FLAVIO - CONTAINER;16/04/2026;Quinta-feira;0,0;0,0;6925,0;6925,0;6925,0;6925,0
0011 - BOLOS DO FLAVIO - CONTAINER;17/04/2026;Sexta-feira;0,0;0,0;8331,9;8331,9;8331,9;8331,9
0011 - BOLOS DO FLAVIO - CONTAINER;18/04/2026;Sábado;0,0;0,0;8896,0;8896,0;8896,0;8896,0
0011 - BOLOS DO FLAVIO - CONTAINER;19/04/2026;Domingo;0,0;0,0;5900,0;5900,0;5900,0;5900,0
0011 - BOLOS DO FLAVIO - CONTAINER;20/04/2026;Segunda-feira;0,0;0,0;7743,8;7743,8;7743,8;7743,8
0011 - BOLOS DO FLAVIO - CONTAINER;21/04/2026;Terça-feira;0,0;0,0;7726,0;7726,0;7726,0;7726,0
0011 - BOLOS DO FLAVIO - CONTAINER;22/04/2026;Quarta-feira;0,0;0,0;6126,0;6126,0;6126,0;6126,0
0011 - BOLOS DO FLAVIO - CONTAINER;23/04/2026;Quinta-feira;0,0;0,0;6229,0;6229,0;6229,0;6229,0
0011 - BOLOS DO FLAVIO - CONTAINER;24/04/2026;Sexta-feira;0,0;0,0;7019,0;7019,0;7019,0;7019,0
0011 - BOLOS DO FLAVIO - CONTAINER;25/04/2026;Sábado;0,0;0,0;9257,8;9242,81;9257,8;9242,81
0011 - BOLOS DO FLAVIO - CONTAINER;26/04/2026;Domingo;0,0;0,0;6154,8;6154,8;6154,8;6154,8
0011 - BOLOS DO FLAVIO - CONTAINER;27/04/2026;Segunda-feira;0,0;0,0;5552,9;5525,32;5552,9;5525,32
0011 - BOLOS DO FLAVIO - CONTAINER;28/04/2026;Terça-feira;0,0;0,0;6425,0;6425,0;6425,0;6425,0
0011 - BOLOS DO FLAVIO - CONTAINER;29/04/2026;Quarta-feira;0,0;0,0;7246,9;7246,9;7246,9;7246,9
0011 - BOLOS DO FLAVIO - CONTAINER;30/04/2026;Quinta-feira;0,0;0,0;7935,9;7921,0;7935,9;7921,0
0014 - BOLOS DO FLAVIO - LOJA FABRICA;01/04/2026;Quarta-feira;876,0;719,2;4719,0;4686,3;5595,0;5405,5
0014 - BOLOS DO FLAVIO - LOJA FABRICA;02/04/2026;Quinta-feira;894,0;794,03;5329,0;5278,6;6223,0;6072,63
0014 - BOLOS DO FLAVIO - LOJA FABRICA;03/04/2026;Sexta-feira;237,0;184,13;2753,0;2741,1;2990,0;2925,23
0014 - BOLOS DO FLAVIO - LOJA FABRICA;04/04/2026;Sábado;935,0;815,03;4146,0;4146,0;5081,0;4961,03
0014 - BOLOS DO FLAVIO - LOJA FABRICA;06/04/2026;Segunda-feira;316,0;247,0;3015,0;3015,0;3331,0;3262,0
0014 - BOLOS DO FLAVIO - LOJA FABRICA;07/04/2026;Terça-feira;694,0;575,54;3323,0;3307,8;4017,0;3883,34
0014 - BOLOS DO FLAVIO - LOJA FABRICA;08/04/2026;Quarta-feira;825,0;658,75;3412,0;3378,7;4237,0;4037,45
0014 - BOLOS DO FLAVIO - LOJA FABRICA;09/04/2026;Quinta-feira;582,0;477,0;3238,0;3214,2;3820,0;3691,2
0014 - BOLOS DO FLAVIO - LOJA FABRICA;10/04/2026;Sexta-feira;604,0;513,75;4026,0;4005,4;4630,0;4519,15
0014 - BOLOS DO FLAVIO - LOJA FABRICA;11/04/2026;Sábado;876,0;719,5;3827,0;3750,2;4703,0;4469,7
0014 - BOLOS DO FLAVIO - LOJA FABRICA;13/04/2026;Segunda-feira;930,0;766,45;3507,0;3488,0;4437,0;4254,45
0014 - BOLOS DO FLAVIO - LOJA FABRICA;14/04/2026;Terça-feira;1210,0;1022,94;3063,9;3055,3;4273,9;4078,24
0014 - BOLOS DO FLAVIO - LOJA FABRICA;15/04/2026;Quarta-feira;1526,9;1322,68;3768,0;3764,2;5294,9;5086,88
0014 - BOLOS DO FLAVIO - LOJA FABRICA;16/04/2026;Quinta-feira;726,0;615,02;4547,0;4533,0;5273,0;5148,02
0014 - BOLOS DO FLAVIO - LOJA FABRICA;17/04/2026;Sexta-feira;1066,0;883,36;4505,0;4492,2;5571,0;5375,56
0014 - BOLOS DO FLAVIO - LOJA FABRICA;18/04/2026;Sábado;913,0;755,29;4119,9;4098,3;5032,9;4853,59
0014 - BOLOS DO FLAVIO - LOJA FABRICA;20/04/2026;Segunda-feira;1221,0;1024,08;3714,9;3659,92;4935,9;4684,0
0014 - BOLOS DO FLAVIO - LOJA FABRICA;21/04/2026;Terça-feira;255,0;195,04;2906,9;2906,9;3161,9;3101,94
0014 - BOLOS DO FLAVIO - LOJA FABRICA;22/04/2026;Quarta-feira;883,0;711,6;3508,0;3481,2;4391,0;4192,8
0014 - BOLOS DO FLAVIO - LOJA FABRICA;23/04/2026;Quinta-feira;562,0;477,14;3976,0;3948,0;4538,0;4425,14
0014 - BOLOS DO FLAVIO - LOJA FABRICA;24/04/2026;Sexta-feira;868,0;732,08;3684,9;3677,9;4552,9;4409,98
0014 - BOLOS DO FLAVIO - LOJA FABRICA;25/04/2026;Sábado;1210,0;1047,76;3861,0;3858,0;5071,0;4905,76
0014 - BOLOS DO FLAVIO - LOJA FABRICA;27/04/2026;Segunda-feira;1083,0;913,07;2939,9;2922,1;4022,9;3835,17
0014 - BOLOS DO FLAVIO - LOJA FABRICA;28/04/2026;Terça-feira;898,0;754,75;3586,0;3574,4;4484,0;4329,15
0014 - BOLOS DO FLAVIO - LOJA FABRICA;29/04/2026;Quarta-feira;1424,9;1243,65;3017,9;3016,9;4442,8;4260,55
0014 - BOLOS DO FLAVIO - LOJA FABRICA;30/04/2026;Quinta-feira;955,99;809,51;4531,0;4507,6;5486,99;5317,11
0016 - BOLOS DO FLAVIO - LOJA EPNB;01/04/2026;Quarta-feira;770,0;618,17;2654,0;2654,0;3424,0;3272,17
0016 - BOLOS DO FLAVIO - LOJA EPNB;02/04/2026;Quinta-feira;1220,0;1116,03;4159,0;4159,0;5379,0;5275,03
0016 - BOLOS DO FLAVIO - LOJA EPNB;03/04/2026;Sexta-feira;536,0;468,03;2737,0;2737,0;3273,0;3205,03
0016 - BOLOS DO FLAVIO - LOJA EPNB;04/04/2026;Sábado;803,0;684,09;3507,0;3507,0;4310,0;4191,09
0016 - BOLOS DO FLAVIO - LOJA EPNB;06/04/2026;Segunda-feira;597,0;535,51;2361,0;2361,0;2958,0;2896,51
0016 - BOLOS DO FLAVIO - LOJA EPNB;07/04/2026;Terça-feira;770,0;659,28;2554,0;2554,0;3324,0;3213,28
0016 - BOLOS DO FLAVIO - LOJA EPNB;08/04/2026;Quarta-feira;748,0;627,79;2896,0;2891,8;3644,0;3519,59
0016 - BOLOS DO FLAVIO - LOJA EPNB;09/04/2026;Quinta-feira;852,0;710,17;3174,0;3174,0;4026,0;3884,17
0016 - BOLOS DO FLAVIO - LOJA EPNB;10/04/2026;Sexta-feira;776,0;642,5;3248,0;3245,5;4024,0;3888,0
0016 - BOLOS DO FLAVIO - LOJA EPNB;11/04/2026;Sábado;1308,0;1162,05;3392,0;3392,0;4700,0;4554,05
0016 - BOLOS DO FLAVIO - LOJA EPNB;13/04/2026;Segunda-feira;1050,0;889,01;2413,0;2413,0;3463,0;3302,01
0016 - BOLOS DO FLAVIO - LOJA EPNB;14/04/2026;Terça-feira;1118,0;942,16;2768,0;2768,0;3886,0;3710,16
0016 - BOLOS DO FLAVIO - LOJA EPNB;15/04/2026;Quarta-feira;1010,0;843,02;3326,0;3326,0;4336,0;4169,02
0016 - BOLOS DO FLAVIO - LOJA EPNB;16/04/2026;Quinta-feira;1348,0;1183,39;2676,0;2673,2;4024,0;3856,59
0016 - BOLOS DO FLAVIO - LOJA EPNB;17/04/2026;Sexta-feira;790,0;661,89;3827,0;3827,0;4617,0;4488,89
0016 - BOLOS DO FLAVIO - LOJA EPNB;18/04/2026;Sábado;1296,0;1170,1;4078,0;4078,0;5374,0;5248,1
0016 - BOLOS DO FLAVIO - LOJA EPNB;20/04/2026;Segunda-feira;793,99;683,13;2824,0;2814,0;3617,99;3497,13
0016 - BOLOS DO FLAVIO - LOJA EPNB;21/04/2026;Terça-feira;1011,0;868,31;2741,0;2741,0;3752,0;3609,31
0016 - BOLOS DO FLAVIO - LOJA EPNB;22/04/2026;Quarta-feira;1178,0;1011,52;2107,0;2107,0;3285,0;3118,52
0016 - BOLOS DO FLAVIO - LOJA EPNB;23/04/2026;Quinta-feira;1369,0;1177,42;3083,0;3083,0;4452,0;4260,42
0016 - BOLOS DO FLAVIO - LOJA EPNB;24/04/2026;Sexta-feira;1250,0;1068,62;3420,0;3420,0;4670,0;4488,62
0016 - BOLOS DO FLAVIO - LOJA EPNB;25/04/2026;Sábado;680,0;582,12;4089,9;4089,9;4769,9;4672,02
0016 - BOLOS DO FLAVIO - LOJA EPNB;27/04/2026;Segunda-feira;811,0;683,21;2582,0;2582,0;3393,0;3265,21
0016 - BOLOS DO FLAVIO - LOJA EPNB;28/04/2026;Terça-feira;742,0;603,52;2577,0;2577,0;3319,0;3180,52
0016 - BOLOS DO FLAVIO - LOJA EPNB;29/04/2026;Quarta-feira;1030,0;862,54;2432,0;2432,0;3462,0;3294,54
0016 - BOLOS DO FLAVIO - LOJA EPNB;30/04/2026;Quinta-feira;1628,0;1429,02;3275,0;3275,0;4903,0;4704,02
0017 - BOLOS DO FLAVIO - GAMA;01/04/2026;Quarta-feira;2441,0;2107,66;5988,0;5988,0;8429,0;8095,66
0017 - BOLOS DO FLAVIO - GAMA;02/04/2026;Quinta-feira;2211,0;1871,79;7948,0;7948,0;10159,0;9819,79
0017 - BOLOS DO FLAVIO - GAMA;03/04/2026;Sexta-feira;1827,8;1572,06;6110,9;6110,9;7938,7;7682,96
0017 - BOLOS DO FLAVIO - GAMA;04/04/2026;Sábado;3342,0;2944,34;9237,8;9237,8;12579,8;12182,14
0017 - BOLOS DO FLAVIO - GAMA;06/04/2026;Segunda-feira;1221,0;981,57;4200,9;4200,9;5421,9;5182,47
0017 - BOLOS DO FLAVIO - GAMA;07/04/2026;Terça-feira;1824,0;1550,27;4552,0;4552,0;6376,0;6102,27
0017 - BOLOS DO FLAVIO - GAMA;08/04/2026;Quarta-feira;1731,98;1495,49;4732,0;4732,0;6463,98;6227,49
0017 - BOLOS DO FLAVIO - GAMA;09/04/2026;Quinta-feira;1466,9;1265,53;5560,0;5560,0;7026,9;6825,53
0017 - BOLOS DO FLAVIO - GAMA;10/04/2026;Sexta-feira;2129,0;1887,29;7838,0;7838,0;9967,0;9725,29
0017 - BOLOS DO FLAVIO - GAMA;11/04/2026;Sábado;3279,0;2902,25;8769,9;8769,9;12048,9;11672,15
0017 - BOLOS DO FLAVIO - GAMA;13/04/2026;Segunda-feira;2752,0;2460,83;5216,0;5216,0;7968,0;7676,83
0017 - BOLOS DO FLAVIO - GAMA;14/04/2026;Terça-feira;468,0;407,04;7299,8;7299,8;7767,8;7706,84
0017 - BOLOS DO FLAVIO - GAMA;15/04/2026;Quarta-feira;2120,98;1850,01;7014,0;7014,0;9134,98;8864,01
0017 - BOLOS DO FLAVIO - GAMA;16/04/2026;Quinta-feira;3873,88;3388,52;6831,0;6831,0;10704,88;10219,52
0017 - BOLOS DO FLAVIO - GAMA;17/04/2026;Sexta-feira;1383,9;1185,4;7775,9;7775,9;9159,8;8961,3
0017 - BOLOS DO FLAVIO - GAMA;18/04/2026;Sábado;4173,9;3826,88;8487,9;8487,9;12661,8;12314,78
0017 - BOLOS DO FLAVIO - GAMA;20/04/2026;Segunda-feira;2426,9;2164,64;6366,0;6366,0;8792,9;8530,64
0017 - BOLOS DO FLAVIO - GAMA;21/04/2026;Terça-feira;2696,8;2410,92;7068,0;7068,0;9764,8;9478,92
0017 - BOLOS DO FLAVIO - GAMA;22/04/2026;Quarta-feira;1598,0;1371,87;5078,0;5078,0;6676,0;6449,87
0017 - BOLOS DO FLAVIO - GAMA;23/04/2026;Quinta-feira;1629,0;1371,56;5779,9;5779,9;7408,9;7151,46
0017 - BOLOS DO FLAVIO - GAMA;24/04/2026;Sexta-feira;1764,0;1599,76;6984,0;6984,0;8748,0;8583,76
0017 - BOLOS DO FLAVIO - GAMA;25/04/2026;Sábado;3482,0;3057,51;8063,9;8063,9;11545,9;11121,41
0017 - BOLOS DO FLAVIO - GAMA;27/04/2026;Segunda-feira;1974,0;1731,06;5021,0;5021,0;6995,0;6752,06
0017 - BOLOS DO FLAVIO - GAMA;28/04/2026;Terça-feira;2295,8;2008,06;6318,0;6318,0;8613,8;8326,06
0017 - BOLOS DO FLAVIO - GAMA;29/04/2026;Quarta-feira;1850,8;1572,92;7112,0;7112,0;8962,8;8684,92
0017 - BOLOS DO FLAVIO - GAMA;30/04/2026;Quinta-feira;3062,9;2748,12;7466,0;7466,0;10528,9;10214,12
0018 - BOLOS DO FLAVIO - SAMAMBAIA;01/04/2026;Quarta-feira;600,0;481,1;5171,0;5168,2;5771,0;5649,3
0018 - BOLOS DO FLAVIO - SAMAMBAIA;02/04/2026;Quinta-feira;1194,0;997,36;5078,0;5075,2;6272,0;6072,56
0018 - BOLOS DO FLAVIO - SAMAMBAIA;03/04/2026;Sexta-feira;1215,0;996,59;3364,0;3364,0;4579,0;4360,59
0018 - BOLOS DO FLAVIO - SAMAMBAIA;04/04/2026;Sábado;0,0;0,0;5778,9;5778,9;5778,9;5778,9
0018 - BOLOS DO FLAVIO - SAMAMBAIA;05/04/2026;Domingo;2069,0;1715,74;3209,0;3209,0;5278,0;4924,74
0018 - BOLOS DO FLAVIO - SAMAMBAIA;06/04/2026;Segunda-feira;683,0;546,02;3085,0;3082,2;3768,0;3628,22
0018 - BOLOS DO FLAVIO - SAMAMBAIA;07/04/2026;Terça-feira;905,0;747,16;3599,0;3596,2;4504,0;4343,36
0018 - BOLOS DO FLAVIO - SAMAMBAIA;08/04/2026;Quarta-feira;521,0;423,6;3771,0;3768,2;4292,0;4191,8
0018 - BOLOS DO FLAVIO - SAMAMBAIA;09/04/2026;Quinta-feira;677,0;584,68;4049,0;4049,0;4726,0;4633,68
0018 - BOLOS DO FLAVIO - SAMAMBAIA;10/04/2026;Sexta-feira;519,0;404,08;4151,0;4151,0;4670,0;4555,08
0018 - BOLOS DO FLAVIO - SAMAMBAIA;11/04/2026;Sábado;970,0;820,58;6677,0;6677,0;7647,0;7497,58
0018 - BOLOS DO FLAVIO - SAMAMBAIA;12/04/2026;Domingo;1400,0;1208,0;4241,0;4241,0;5641,0;5449,0
0018 - BOLOS DO FLAVIO - SAMAMBAIA;13/04/2026;Segunda-feira;856,0;681,17;4156,0;4156,0;5012,0;4837,17
0018 - BOLOS DO FLAVIO - SAMAMBAIA;14/04/2026;Terça-feira;801,0;671,74;3435,9;3427,9;4236,9;4099,64
0018 - BOLOS DO FLAVIO - SAMAMBAIA;15/04/2026;Quarta-feira;1317,0;1101,77;4033,0;4033,0;5350,0;5134,77
0018 - BOLOS DO FLAVIO - SAMAMBAIA;16/04/2026;Quinta-feira;1284,0;1077,83;4208,0;4176,4;5492,0;5254,23
0018 - BOLOS DO FLAVIO - SAMAMBAIA;17/04/2026;Sexta-feira;1149,0;986,5;4745,0;4745,0;5894,0;5731,5
0018 - BOLOS DO FLAVIO - SAMAMBAIA;18/04/2026;Sábado;842,0;712,0;6266,0;6266,0;7108,0;6978,0
0018 - BOLOS DO FLAVIO - SAMAMBAIA;20/04/2026;Segunda-feira;54,0;44,04;4441,0;4438,2;4495,0;4482,24
0018 - BOLOS DO FLAVIO - SAMAMBAIA;21/04/2026;Terça-feira;1341,0;1126,01;4402,0;4402,0;5743,0;5528,01
0018 - BOLOS DO FLAVIO - SAMAMBAIA;22/04/2026;Quarta-feira;896,0;761,01;3463,0;3463,0;4359,0;4224,01
0018 - BOLOS DO FLAVIO - SAMAMBAIA;23/04/2026;Quinta-feira;1712,0;1455,24;3595,9;3595,9;5307,9;5051,14
0018 - BOLOS DO FLAVIO - SAMAMBAIA;24/04/2026;Sexta-feira;1123,0;919,5;3986,0;3983,2;5109,0;4902,7
0018 - BOLOS DO FLAVIO - SAMAMBAIA;25/04/2026;Sábado;1141,0;950,25;5686,0;5686,0;6827,0;6636,25
0018 - BOLOS DO FLAVIO - SAMAMBAIA;27/04/2026;Segunda-feira;815,0;697,61;2671,0;2671,0;3486,0;3368,61
0018 - BOLOS DO FLAVIO - SAMAMBAIA;28/04/2026;Terça-feira;724,0;598,18;3964,0;3964,0;4688,0;4562,18
0018 - BOLOS DO FLAVIO - SAMAMBAIA;29/04/2026;Quarta-feira;1056,0;905,75;3755,0;3755,0;4811,0;4660,75
0018 - BOLOS DO FLAVIO - SAMAMBAIA;30/04/2026;Quinta-feira;1293,0;1108,06;3700,9;3700,9;4993,9;4808,96
0019 - BOLOS DO FLAVIO - ARNIQUEIRAS;01/04/2026;Quarta-feira;0,0;0,0;3543,0;3543,0;3543,0;3543,0
0019 - BOLOS DO FLAVIO - ARNIQUEIRAS;02/04/2026;Quinta-feira;0,0;0,0;4714,0;4714,0;4714,0;4714,0
0019 - BOLOS DO FLAVIO - ARNIQUEIRAS;03/04/2026;Sexta-feira;0,0;0,0;2246,0;2246,0;2246,0;2246,0
0019 - BOLOS DO FLAVIO - ARNIQUEIRAS;04/04/2026;Sábado;0,0;0,0;4081,0;4081,0;4081,0;4081,0
0019 - BOLOS DO FLAVIO - ARNIQUEIRAS;06/04/2026;Segunda-feira;0,0;0,0;2663,0;2663,0;2663,0;2663,0
0019 - BOLOS DO FLAVIO - ARNIQUEIRAS;07/04/2026;Terça-feira;0,0;0,0;2363,0;2363,0;2363,0;2363,0
0019 - BOLOS DO FLAVIO - ARNIQUEIRAS;08/04/2026;Quarta-feira;0,0;0,0;3290,0;3290,0;3290,0;3290,0
0019 - BOLOS DO FLAVIO - ARNIQUEIRAS;09/04/2026;Quinta-feira;0,0;0,0;2954,0;2954,0;2954,0;2954,0
0019 - BOLOS DO FLAVIO - ARNIQUEIRAS;10/04/2026;Sexta-feira;0,0;0,0;3823,0;3823,0;3823,0;3823,0
0019 - BOLOS DO FLAVIO - ARNIQUEIRAS;11/04/2026;Sábado;0,0;0,0;4622,0;4622,0;4622,0;4622,0
0019 - BOLOS DO FLAVIO - ARNIQUEIRAS;13/04/2026;Segunda-feira;0,0;0,0;2998,9;2998,9;2998,9;2998,9
0019 - BOLOS DO FLAVIO - ARNIQUEIRAS;14/04/2026;Terça-feira;0,0;0,0;3458,0;3458,0;3458,0;3458,0
0019 - BOLOS DO FLAVIO - ARNIQUEIRAS;15/04/2026;Quarta-feira;0,0;0,0;3165,0;3165,0;3165,0;3165,0
0019 - BOLOS DO FLAVIO - ARNIQUEIRAS;16/04/2026;Quinta-feira;0,0;0,0;3272,0;3272,0;3272,0;3272,0
0019 - BOLOS DO FLAVIO - ARNIQUEIRAS;17/04/2026;Sexta-feira;0,0;0,0;4435,0;4435,0;4435,0;4435,0
0019 - BOLOS DO FLAVIO - ARNIQUEIRAS;18/04/2026;Sábado;0,0;0,0;4285,0;4285,0;4285,0;4285,0
0019 - BOLOS DO FLAVIO - ARNIQUEIRAS;20/04/2026;Segunda-feira;0,0;0,0;3410,0;3410,0;3410,0;3410,0
0019 - BOLOS DO FLAVIO - ARNIQUEIRAS;21/04/2026;Terça-feira;0,0;0,0;2925,0;2925,0;2925,0;2925,0
0019 - BOLOS DO FLAVIO - ARNIQUEIRAS;22/04/2026;Quarta-feira;0,0;0,0;2977,0;2977,0;2977,0;2977,0
0019 - BOLOS DO FLAVIO - ARNIQUEIRAS;23/04/2026;Quinta-feira;0,0;0,0;3457,0;3457,0;3457,0;3457,0
0019 - BOLOS DO FLAVIO - ARNIQUEIRAS;24/04/2026;Sexta-feira;0,0;0,0;3111,0;3111,0;3111,0;3111,0
0019 - BOLOS DO FLAVIO - ARNIQUEIRAS;25/04/2026;Sábado;0,0;0,0;5012,0;5012,0;5012,0;5012,0
0019 - BOLOS DO FLAVIO - ARNIQUEIRAS;27/04/2026;Segunda-feira;0,0;0,0;2666,0;2666,0;2666,0;2666,0
0019 - BOLOS DO FLAVIO - ARNIQUEIRAS;28/04/2026;Terça-feira;0,0;0,0;3567,0;3567,0;3567,0;3567,0
0019 - BOLOS DO FLAVIO - ARNIQUEIRAS;29/04/2026;Quarta-feira;0,0;0,0;3820,0;3820,0;3820,0;3820,0
0019 - BOLOS DO FLAVIO - ARNIQUEIRAS;30/04/2026;Quinta-feira;0,0;0,0;3877,0;3877,0;3877,0;3877,0
0020 - BOLOS DO FLAVIO- CONJ NACIONAL;01/04/2026;Quarta-feira;2930,5;2565,54;5831,0;5815,1;8761,5;8380,64
0020 - BOLOS DO FLAVIO- CONJ NACIONAL;02/04/2026;Quinta-feira;3775,5;3338,28;7054,8;7034,0;10830,3;10372,28
0020 - BOLOS DO FLAVIO- CONJ NACIONAL;03/04/2026;Sexta-feira;1557,9;1365,16;1253,0;1253,0;2810,9;2618,16
0020 - BOLOS DO FLAVIO- CONJ NACIONAL;04/04/2026;Sábado;804,0;709,29;5365,9;5322,1;6169,9;6031,39
0020 - BOLOS DO FLAVIO- CONJ NACIONAL;05/04/2026;Domingo;2301,3;2055,49;1318,0;1306,6;3619,3;3362,09
0020 - BOLOS DO FLAVIO- CONJ NACIONAL;06/04/2026;Segunda-feira;2628,0;2267,59;3870,0;3865,9;6498,0;6133,49
0020 - BOLOS DO FLAVIO- CONJ NACIONAL;07/04/2026;Terça-feira;2813,9;2473,9;4830,0;4816,4;7643,9;7290,3
0020 - BOLOS DO FLAVIO- CONJ NACIONAL;08/04/2026;Quarta-feira;2742,0;2396,92;5239,9;5223,5;7981,9;7620,42
0020 - BOLOS DO FLAVIO- CONJ NACIONAL;09/04/2026;Quinta-feira;2799,0;2484,92;4964,0;4956,5;7763,0;7441,42
0020 - BOLOS DO FLAVIO- CONJ NACIONAL;10/04/2026;Sexta-feira;1467,9;1254,17;7427,9;7415,0;8895,8;8669,17
0020 - BOLOS DO FLAVIO- CONJ NACIONAL;11/04/2026;Sábado;808,0;680,0;4229,0;4199,3;5037,0;4879,3
0020 - BOLOS DO FLAVIO- CONJ NACIONAL;12/04/2026;Domingo;816,0;717,2;2446,0;2446,0;3262,0;3163,2
0020 - BOLOS DO FLAVIO- CONJ NACIONAL;13/04/2026;Segunda-feira;3018,2;2668,78;4390,0;4386,1;7408,2;7054,88
0020 - BOLOS DO FLAVIO- CONJ NACIONAL;14/04/2026;Terça-feira;2459,9;2177,52;5473,0;5460,3;7932,9;7637,82
0020 - BOLOS DO FLAVIO- CONJ NACIONAL;15/04/2026;Quarta-feira;1469,9;1289,65;5921,9;5906,8;7391,8;7196,45
0020 - BOLOS DO FLAVIO- CONJ NACIONAL;16/04/2026;Quinta-feira;6441,8;5745,78;6058,0;6054,3;12499,8;11800,08
0020 - BOLOS DO FLAVIO- CONJ NACIONAL;17/04/2026;Sexta-feira;3855,8;3492,3;6425,0;6415,6;10280,8;9907,9
0020 - BOLOS DO FLAVIO- CONJ NACIONAL;18/04/2026;Sábado;1683,1;1452,5;3762,0;3737,8;5445,1;5190,3
0020 - BOLOS DO FLAVIO- CONJ NACIONAL;19/04/2026;Domingo;2940,1;2634,86;1965,8;1952,3;4905,9;4587,16
0020 - BOLOS DO FLAVIO- CONJ NACIONAL;20/04/2026;Segunda-feira;2446,0;2145,78;4534,0;4505,1;6980,0;6650,88
0020 - BOLOS DO FLAVIO- CONJ NACIONAL;21/04/2026;Terça-feira;2211,9;1904,32;2044,0;2025,1;4255,9;3929,42
0020 - BOLOS DO FLAVIO- CONJ NACIONAL;22/04/2026;Quarta-feira;2170,9;1915,4;4500,9;4496,6;6671,8;6412,0
0020 - BOLOS DO FLAVIO- CONJ NACIONAL;23/04/2026;Quinta-feira;3384,6;3054,65;5929,0;5912,1;9313,6;8966,75
0020 - BOLOS DO FLAVIO- CONJ NACIONAL;24/04/2026;Sexta-feira;4471,6;4055,2;6539,0;6520,6;11010,6;10575,8
0020 - BOLOS DO FLAVIO- CONJ NACIONAL;25/04/2026;Sábado;1557,2;1323,33;3748,8;3717,7;5306,0;5041,03
0020 - BOLOS DO FLAVIO- CONJ NACIONAL;26/04/2026;Domingo;3344,5;3018,5;1983,9;1976,2;5328,4;4994,7
0020 - BOLOS DO FLAVIO- CONJ NACIONAL;27/04/2026;Segunda-feira;3489,9;3166,26;4147,9;4117,3;7637,8;7283,56
0020 - BOLOS DO FLAVIO- CONJ NACIONAL;28/04/2026;Terça-feira;2837,0;2511,04;4978,8;4963,7;7815,8;7474,74
0020 - BOLOS DO FLAVIO- CONJ NACIONAL;29/04/2026;Quarta-feira;3945,8;3580,76;5521,0;5504,5;9466,8;9085,26
0020 - BOLOS DO FLAVIO- CONJ NACIONAL;30/04/2026;Quinta-feira;2877,8;2540,58;8593,0;8554,4;11470,8;11094,98
0021 - BOLOS DO FLAVIO - RECANTO;01/04/2026;Quarta-feira;1536,0;1267,56;3685,0;3685,0;5221,0;4952,56
0021 - BOLOS DO FLAVIO - RECANTO;02/04/2026;Quinta-feira;1235,0;1031,32;4338,0;4338,0;5573,0;5369,32
0021 - BOLOS DO FLAVIO - RECANTO;03/04/2026;Sexta-feira;1671,0;1431,33;3351,0;3351,0;5022,0;4782,33
0021 - BOLOS DO FLAVIO - RECANTO;04/04/2026;Sábado;958,0;801,16;4838,0;4838,0;5796,0;5639,16
0021 - BOLOS DO FLAVIO - RECANTO;06/04/2026;Segunda-feira;592,0;493,03;2448,0;2448,0;3040,0;2941,03
0021 - BOLOS DO FLAVIO - RECANTO;07/04/2026;Terça-feira;713,0;566,91;3129,0;3129,0;3842,0;3695,91
0021 - BOLOS DO FLAVIO - RECANTO;08/04/2026;Quarta-feira;989,0;837,37;2925,0;2925,0;3914,0;3762,37
0021 - BOLOS DO FLAVIO - RECANTO;09/04/2026;Quinta-feira;801,0;666,01;3347,0;3338,8;4148,0;4004,81
0021 - BOLOS DO FLAVIO - RECANTO;10/04/2026;Sexta-feira;997,0;844,25;4371,9;4371,9;5368,9;5216,15
0021 - BOLOS DO FLAVIO - RECANTO;11/04/2026;Sábado;1179,0;1010,52;6402,0;6402,0;7581,0;7412,52
0021 - BOLOS DO FLAVIO - RECANTO;13/04/2026;Segunda-feira;1016,0;870,77;3179,0;3179,0;4195,0;4049,77
0021 - BOLOS DO FLAVIO - RECANTO;14/04/2026;Terça-feira;904,0;775,05;3319,0;3319,0;4223,0;4094,05
0021 - BOLOS DO FLAVIO - RECANTO;15/04/2026;Quarta-feira;928,0;762,37;3619,0;3619,0;4547,0;4381,37
0021 - BOLOS DO FLAVIO - RECANTO;16/04/2026;Quinta-feira;1156,0;985,04;3620,0;3609,5;4776,0;4594,54
0021 - BOLOS DO FLAVIO - RECANTO;17/04/2026;Sexta-feira;1068,0;897,13;4294,0;4294,0;5362,0;5191,13
0021 - BOLOS DO FLAVIO - RECANTO;18/04/2026;Sábado;1029,0;826,26;5310,0;5310,0;6339,0;6136,26
0021 - BOLOS DO FLAVIO - RECANTO;20/04/2026;Segunda-feira;695,0;585,77;4340,0;4340,0;5035,0;4925,77
0021 - BOLOS DO FLAVIO - RECANTO;21/04/2026;Terça-feira;1131,0;954,51;4294,0;4294,0;5425,0;5248,51
0021 - BOLOS DO FLAVIO - RECANTO;22/04/2026;Quarta-feira;870,0;737,63;2968,0;2965,5;3838,0;3703,13
0021 - BOLOS DO FLAVIO - RECANTO;23/04/2026;Quinta-feira;967,0;818,26;3785,0;3785,0;4752,0;4603,26
0021 - BOLOS DO FLAVIO - RECANTO;24/04/2026;Sexta-feira;996,0;845,05;3546,0;3546,0;4542,0;4391,05
0021 - BOLOS DO FLAVIO - RECANTO;25/04/2026;Sábado;1033,0;885,25;5071,0;5071,0;6104,0;5956,25
0021 - BOLOS DO FLAVIO - RECANTO;27/04/2026;Segunda-feira;874,0;744,03;2572,0;2572,0;3446,0;3316,03
0021 - BOLOS DO FLAVIO - RECANTO;28/04/2026;Terça-feira;820,0;678,28;3632,0;3629,4;4452,0;4307,68
0021 - BOLOS DO FLAVIO - RECANTO;29/04/2026;Quarta-feira;839,0;701,55;3733,0;3733,0;4572,0;4434,55
0021 - BOLOS DO FLAVIO - RECANTO;30/04/2026;Quinta-feira;613,0;498,0;3269,0;3263,7;3882,0;3761,7
0022 - BOLOS DO FLAVIO - PONTE ALTA;01/04/2026;Quarta-feira;0,0;0,0;3261,9;3261,9;3261,9;3261,9
0022 - BOLOS DO FLAVIO - PONTE ALTA;02/04/2026;Quinta-feira;3213,0;2792,0;3503,0;3503,0;6716,0;6295,0
0022 - BOLOS DO FLAVIO - PONTE ALTA;04/04/2026;Sábado;0,0;0,0;3070,0;3070,0;3070,0;3070,0
0022 - BOLOS DO FLAVIO - PONTE ALTA;06/04/2026;Segunda-feira;0,0;0,0;2018,0;2018,0;2018,0;2018,0
0022 - BOLOS DO FLAVIO - PONTE ALTA;07/04/2026;Terça-feira;0,0;0,0;2312,0;2312,0;2312,0;2312,0
0022 - BOLOS DO FLAVIO - PONTE ALTA;08/04/2026;Quarta-feira;0,0;0,0;2019,0;2019,0;2019,0;2019,0
0022 - BOLOS DO FLAVIO - PONTE ALTA;09/04/2026;Quinta-feira;0,0;0,0;2379,0;2379,0;2379,0;2379,0
0022 - BOLOS DO FLAVIO - PONTE ALTA;10/04/2026;Sexta-feira;0,0;0,0;3078,0;3078,0;3078,0;3078,0
0022 - BOLOS DO FLAVIO - PONTE ALTA;11/04/2026;Sábado;0,0;0,0;3754,0;3754,0;3754,0;3754,0
0022 - BOLOS DO FLAVIO - PONTE ALTA;13/04/2026;Segunda-feira;0,0;0,0;1869,0;1869,0;1869,0;1869,0
0022 - BOLOS DO FLAVIO - PONTE ALTA;14/04/2026;Terça-feira;0,0;0,0;2151,0;2151,0;2151,0;2151,0
0022 - BOLOS DO FLAVIO - PONTE ALTA;15/04/2026;Quarta-feira;4190,0;3516,63;2862,0;2862,0;7052,0;6378,63
0022 - BOLOS DO FLAVIO - PONTE ALTA;16/04/2026;Quinta-feira;511,0;437,5;2704,0;2704,0;3215,0;3141,5
0022 - BOLOS DO FLAVIO - PONTE ALTA;17/04/2026;Sexta-feira;839,0;749,0;2808,0;2808,0;3647,0;3557,0
0022 - BOLOS DO FLAVIO - PONTE ALTA;18/04/2026;Sábado;805,0;723,05;3132,0;3132,0;3937,0;3855,05
0022 - BOLOS DO FLAVIO - PONTE ALTA;20/04/2026;Segunda-feira;775,0;665,5;3170,0;3170,0;3945,0;3835,5
0022 - BOLOS DO FLAVIO - PONTE ALTA;21/04/2026;Terça-feira;319,0;276,0;2122,0;2122,0;2441,0;2398,0
0022 - BOLOS DO FLAVIO - PONTE ALTA;22/04/2026;Quarta-feira;498,0;410,62;2154,0;2154,0;2652,0;2564,62
0022 - BOLOS DO FLAVIO - PONTE ALTA;23/04/2026;Quinta-feira;567,0;480,0;2783,0;2783,0;3350,0;3263,0
0022 - BOLOS DO FLAVIO - PONTE ALTA;24/04/2026;Sexta-feira;554,0;479,83;2393,0;2393,0;2947,0;2872,83
0022 - BOLOS DO FLAVIO - PONTE ALTA;25/04/2026;Sábado;0,0;0,0;3482,0;3482,0;3482,0;3482,0
0022 - BOLOS DO FLAVIO - PONTE ALTA;27/04/2026;Segunda-feira;1179,0;1022,38;1785,0;1785,0;2964,0;2807,38
0022 - BOLOS DO FLAVIO - PONTE ALTA;28/04/2026;Terça-feira;542,0;459,0;2329,0;2329,0;2871,0;2788,0
0022 - BOLOS DO FLAVIO - PONTE ALTA;29/04/2026;Quarta-feira;556,0;486,0;2576,0;2576,0;3132,0;3062,0
0022 - BOLOS DO FLAVIO - PONTE ALTA;30/04/2026;Quinta-feira;689,0;565,1;2203,0;2203,0;2892,0;2768,1
0023 - BOLOS DO FLAVIO- SAMAMBAIA SUL;01/04/2026;Quarta-feira;1373,0;1233,08;3955,0;3955,0;5328,0;5188,08
0023 - BOLOS DO FLAVIO- SAMAMBAIA SUL;02/04/2026;Quinta-feira;1524,0;1359,11;4643,0;4643,0;6167,0;6002,11
0023 - BOLOS DO FLAVIO- SAMAMBAIA SUL;03/04/2026;Sexta-feira;646,0;591,0;4704,0;4704,0;5350,0;5295,0
0023 - BOLOS DO FLAVIO- SAMAMBAIA SUL;04/04/2026;Sábado;3305,89;3026,06;4574,9;4574,9;7880,79;7600,96
0023 - BOLOS DO FLAVIO- SAMAMBAIA SUL;06/04/2026;Segunda-feira;959,6;884,63;2441,0;2441,0;3400,6;3325,63
0023 - BOLOS DO FLAVIO- SAMAMBAIA SUL;07/04/2026;Terça-feira;720,0;680,0;2872,0;2867,8;3592,0;3547,8
0023 - BOLOS DO FLAVIO- SAMAMBAIA SUL;08/04/2026;Quarta-feira;891,89;856,89;3294,0;3294,0;4185,89;4150,89
0023 - BOLOS DO FLAVIO- SAMAMBAIA SUL;09/04/2026;Quinta-feira;974,0;909,01;2608,0;2605,0;3582,0;3514,01
0023 - BOLOS DO FLAVIO- SAMAMBAIA SUL;10/04/2026;Sexta-feira;1139,9;1099,9;3807,0;3807,0;4946,9;4906,9
0023 - BOLOS DO FLAVIO- SAMAMBAIA SUL;11/04/2026;Sábado;1817,0;1732,01;5230,0;5230,0;7047,0;6962,01
0023 - BOLOS DO FLAVIO- SAMAMBAIA SUL;13/04/2026;Segunda-feira;1204,0;1104,03;2900,0;2900,0;4104,0;4004,03
0023 - BOLOS DO FLAVIO- SAMAMBAIA SUL;14/04/2026;Terça-feira;1372,0;1317,0;2817,0;2817,0;4189,0;4134,0
0023 - BOLOS DO FLAVIO- SAMAMBAIA SUL;15/04/2026;Quarta-feira;1840,6;1639,74;3748,0;3748,0;5588,6;5387,74
0023 - BOLOS DO FLAVIO- SAMAMBAIA SUL;16/04/2026;Quinta-feira;983,9;878,04;3233,0;3233,0;4216,9;4111,04
0023 - BOLOS DO FLAVIO- SAMAMBAIA SUL;17/04/2026;Sexta-feira;1599,5;1367,57;3842,9;3842,9;5442,4;5210,47
0023 - BOLOS DO FLAVIO- SAMAMBAIA SUL;18/04/2026;Sábado;1929,9;1721,95;4563,8;4563,8;6493,7;6285,75
0023 - BOLOS DO FLAVIO- SAMAMBAIA SUL;19/04/2026;Domingo;3818,9;3457,99;4378,9;4378,9;8197,8;7836,89
0023 - BOLOS DO FLAVIO- SAMAMBAIA SUL;20/04/2026;Segunda-feira;2583,0;2348,29;3290,0;3290,0;5873,0;5638,29
0023 - BOLOS DO FLAVIO- SAMAMBAIA SUL;21/04/2026;Terça-feira;2605,9;2347,91;3912,0;3912,0;6517,9;6259,91
0023 - BOLOS DO FLAVIO- SAMAMBAIA SUL;22/04/2026;Quarta-feira;1174,99;987,65;2665,0;2665,0;3839,99;3652,65
0023 - BOLOS DO FLAVIO- SAMAMBAIA SUL;23/04/2026;Quinta-feira;1511,0;1333,04;3118,0;3118,0;4629,0;4451,04
0023 - BOLOS DO FLAVIO- SAMAMBAIA SUL;24/04/2026;Sexta-feira;1183,0;1004,0;3392,0;3392,0;4575,0;4396,0
0023 - BOLOS DO FLAVIO- SAMAMBAIA SUL;25/04/2026;Sábado;2468,7;2119,26;4329,0;4329,0;6797,7;6448,26
0023 - BOLOS DO FLAVIO- SAMAMBAIA SUL;26/04/2026;Domingo;2528,4;2240,4;3887,0;3887,0;6415,4;6127,4
0023 - BOLOS DO FLAVIO- SAMAMBAIA SUL;27/04/2026;Segunda-feira;1277,4;1147,46;2507,0;2507,0;3784,4;3654,46
0023 - BOLOS DO FLAVIO- SAMAMBAIA SUL;28/04/2026;Terça-feira;1135,2;960,3;2789,0;2789,0;3924,2;3749,3
0023 - BOLOS DO FLAVIO- SAMAMBAIA SUL;29/04/2026;Quarta-feira;1912,2;1614,08;3089,0;3089,0;5001,2;4703,08
0023 - BOLOS DO FLAVIO- SAMAMBAIA SUL;30/04/2026;Quinta-feira;1854,9;1690,96;3181,0;3181,0;5035,9;4871,96
0024 - BOLOS DO FLAVIO - SIA;17/04/2026;Sexta-feira;0,0;0,0;26,0;0,01;26,0;0,01
1001 - BOLOS DO FLAVIO - TAGUATINGA;01/04/2026;Quarta-feira;0,0;0,0;9444,8;9444,8;9444,8;9444,8
1001 - BOLOS DO FLAVIO - TAGUATINGA;02/04/2026;Quinta-feira;0,0;0,0;9125,9;9125,9;9125,9;9125,9
1001 - BOLOS DO FLAVIO - TAGUATINGA;03/04/2026;Sexta-feira;0,0;0,0;6514,9;6514,9;6514,9;6514,9
1001 - BOLOS DO FLAVIO - TAGUATINGA;04/04/2026;Sábado;0,0;0,0;9522,8;9522,8;9522,8;9522,8
1001 - BOLOS DO FLAVIO - TAGUATINGA;05/04/2026;Domingo;0,0;0,0;6510,0;6510,0;6510,0;6510,0
1001 - BOLOS DO FLAVIO - TAGUATINGA;06/04/2026;Segunda-feira;0,0;0,0;5676,0;5676,0;5676,0;5676,0
1001 - BOLOS DO FLAVIO - TAGUATINGA;07/04/2026;Terça-feira;0,0;0,0;5660,9;5660,9;5660,9;5660,9
1001 - BOLOS DO FLAVIO - TAGUATINGA;08/04/2026;Quarta-feira;0,0;0,0;6394,0;6394,0;6394,0;6394,0
1001 - BOLOS DO FLAVIO - TAGUATINGA;09/04/2026;Quinta-feira;0,0;0,0;7060,0;7060,0;7060,0;7060,0
1001 - BOLOS DO FLAVIO - TAGUATINGA;10/04/2026;Sexta-feira;0,0;0,0;8858,9;8858,9;8858,9;8858,9
1001 - BOLOS DO FLAVIO - TAGUATINGA;11/04/2026;Sábado;0,0;0,0;9996,0;9996,0;9996,0;9996,0
1001 - BOLOS DO FLAVIO - TAGUATINGA;12/04/2026;Domingo;0,0;0,0;7149,9;7149,9;7149,9;7149,9
1001 - BOLOS DO FLAVIO - TAGUATINGA;13/04/2026;Segunda-feira;0,0;0,0;5804,9;5804,9;5804,9;5804,9
1001 - BOLOS DO FLAVIO - TAGUATINGA;14/04/2026;Terça-feira;0,0;0,0;6726,8;6726,8;6726,8;6726,8
1001 - BOLOS DO FLAVIO - TAGUATINGA;15/04/2026;Quarta-feira;0,0;0,0;7248,9;7248,9;7248,9;7248,9
1001 - BOLOS DO FLAVIO - TAGUATINGA;16/04/2026;Quinta-feira;0,0;0,0;7054,8;7054,8;7054,8;7054,8
1001 - BOLOS DO FLAVIO - TAGUATINGA;17/04/2026;Sexta-feira;0,0;0,0;7546,8;7546,8;7546,8;7546,8
1001 - BOLOS DO FLAVIO - TAGUATINGA;18/04/2026;Sábado;0,0;0,0;9732,8;9732,8;9732,8;9732,8
1001 - BOLOS DO FLAVIO - TAGUATINGA;19/04/2026;Domingo;0,0;0,0;6028,9;6028,9;6028,9;6028,9
1001 - BOLOS DO FLAVIO - TAGUATINGA;20/04/2026;Segunda-feira;0,0;0,0;6848,0;6848,0;6848,0;6848,0
1001 - BOLOS DO FLAVIO - TAGUATINGA;21/04/2026;Terça-feira;0,0;0,0;6656,9;6656,9;6656,9;6656,9
1001 - BOLOS DO FLAVIO - TAGUATINGA;22/04/2026;Quarta-feira;0,0;0,0;5738,0;5738,0;5738,0;5738,0
1001 - BOLOS DO FLAVIO - TAGUATINGA;23/04/2026;Quinta-feira;0,0;0,0;7084,9;7084,9;7084,9;7084,9
1001 - BOLOS DO FLAVIO - TAGUATINGA;24/04/2026;Sexta-feira;0,0;0,0;7429,0;7429,0;7429,0;7429,0
1001 - BOLOS DO FLAVIO - TAGUATINGA;25/04/2026;Sábado;0,0;0,0;10015,8;10015,8;10015,8;10015,8
1001 - BOLOS DO FLAVIO - TAGUATINGA;26/04/2026;Domingo;0,0;0,0;6363,8;6363,8;6363,8;6363,8
1001 - BOLOS DO FLAVIO - TAGUATINGA;27/04/2026;Segunda-feira;0,0;0,0;4549,0;4549,0;4549,0;4549,0
1001 - BOLOS DO FLAVIO - TAGUATINGA;28/04/2026;Terça-feira;0,0;0,0;5151,9;5151,9;5151,9;5151,9
1001 - BOLOS DO FLAVIO - TAGUATINGA;29/04/2026;Quarta-feira;0,0;0,0;8454,9;8454,9;8454,9;8454,9
1001 - BOLOS DO FLAVIO - TAGUATINGA;30/04/2026;Quinta-feira;0,0;0,0;8890,0;8890,0;8890,0;8890,0
1002 - BOLOS DO FLAVIO - SUDOESTE 1;01/04/2026;Quarta-feira;0,0;0,0;8971,4;8971,4;8971,4;8971,4
1002 - BOLOS DO FLAVIO - SUDOESTE 1;02/04/2026;Quinta-feira;0,0;0,0;9817,8;9817,8;9817,8;9817,8
1002 - BOLOS DO FLAVIO - SUDOESTE 1;03/04/2026;Sexta-feira;0,0;0,0;5667,9;5667,9;5667,9;5667,9
1002 - BOLOS DO FLAVIO - SUDOESTE 1;04/04/2026;Sábado;0,0;0,0;7839,9;7839,9;7839,9;7839,9
1002 - BOLOS DO FLAVIO - SUDOESTE 1;05/04/2026;Domingo;0,0;0,0;4520,8;4520,8;4520,8;4520,8
1002 - BOLOS DO FLAVIO - SUDOESTE 1;06/04/2026;Segunda-feira;0,0;0,0;5190,6;5190,6;5190,6;5190,6
1002 - BOLOS DO FLAVIO - SUDOESTE 1;07/04/2026;Terça-feira;0,0;0,0;5728,9;5728,9;5728,9;5728,9
1002 - BOLOS DO FLAVIO - SUDOESTE 1;08/04/2026;Quarta-feira;0,0;0,0;5686,0;5686,0;5686,0;5686,0
1002 - BOLOS DO FLAVIO - SUDOESTE 1;09/04/2026;Quinta-feira;0,0;0,0;6424,7;6424,7;6424,7;6424,7
1002 - BOLOS DO FLAVIO - SUDOESTE 1;10/04/2026;Sexta-feira;0,0;0,0;8290,7;8290,7;8290,7;8290,7
1002 - BOLOS DO FLAVIO - SUDOESTE 1;11/04/2026;Sábado;0,0;0,0;9296,6;9296,6;9296,6;9296,6
1002 - BOLOS DO FLAVIO - SUDOESTE 1;12/04/2026;Domingo;0,0;0,0;5338,0;5338,0;5338,0;5338,0
1002 - BOLOS DO FLAVIO - SUDOESTE 1;13/04/2026;Segunda-feira;0,0;0,0;5523,9;5523,9;5523,9;5523,9
1002 - BOLOS DO FLAVIO - SUDOESTE 1;14/04/2026;Terça-feira;0,0;0,0;5841,6;5841,6;5841,6;5841,6
1002 - BOLOS DO FLAVIO - SUDOESTE 1;15/04/2026;Quarta-feira;0,0;0,0;5674,8;5674,8;5674,8;5674,8
1002 - BOLOS DO FLAVIO - SUDOESTE 1;16/04/2026;Quinta-feira;0,0;0,0;7804,9;7804,9;7804,9;7804,9
1002 - BOLOS DO FLAVIO - SUDOESTE 1;17/04/2026;Sexta-feira;0,0;0,0;8586,8;8586,8;8586,8;8586,8
1002 - BOLOS DO FLAVIO - SUDOESTE 1;18/04/2026;Sábado;0,0;0,0;6869,8;6869,8;6869,8;6869,8
1002 - BOLOS DO FLAVIO - SUDOESTE 1;19/04/2026;Domingo;0,0;0,0;5261,7;5261,7;5261,7;5261,7
1002 - BOLOS DO FLAVIO - SUDOESTE 1;20/04/2026;Segunda-feira;0,0;0,0;6390,9;6390,9;6390,9;6390,9
1002 - BOLOS DO FLAVIO - SUDOESTE 1;21/04/2026;Terça-feira;0,0;0,0;5318,6;5318,6;5318,6;5318,6
1002 - BOLOS DO FLAVIO - SUDOESTE 1;22/04/2026;Quarta-feira;0,0;0,0;4567,9;4567,9;4567,9;4567,9
1002 - BOLOS DO FLAVIO - SUDOESTE 1;23/04/2026;Quinta-feira;0,0;0,0;5490,0;5490,0;5490,0;5490,0
1002 - BOLOS DO FLAVIO - SUDOESTE 1;24/04/2026;Sexta-feira;0,0;0,0;7871,9;7871,9;7871,9;7871,9
1002 - BOLOS DO FLAVIO - SUDOESTE 1;25/04/2026;Sábado;0,0;0,0;7478,7;7478,7;7478,7;7478,7
1002 - BOLOS DO FLAVIO - SUDOESTE 1;26/04/2026;Domingo;0,0;0,0;5979,8;5979,8;5979,8;5979,8
1002 - BOLOS DO FLAVIO - SUDOESTE 1;27/04/2026;Segunda-feira;0,0;0,0;5242,7;5242,7;5242,7;5242,7
1002 - BOLOS DO FLAVIO - SUDOESTE 1;28/04/2026;Terça-feira;0,0;0,0;5891,6;5891,6;5891,6;5891,6
1002 - BOLOS DO FLAVIO - SUDOESTE 1;29/04/2026;Quarta-feira;0,0;0,0;6830,9;6830,9;6830,9;6830,9
1002 - BOLOS DO FLAVIO - SUDOESTE 1;30/04/2026;Quinta-feira;0,0;0,0;7804,7;7804,7;7804,7;7804,7
1003 - BOLOS DO FLAVIO - SUDOESTE 2;01/04/2026;Quarta-feira;0,0;0,0;5983,8;5983,8;5983,8;5983,8
1003 - BOLOS DO FLAVIO - SUDOESTE 2;02/04/2026;Quinta-feira;0,0;0,0;7739,9;7739,9;7739,9;7739,9
1003 - BOLOS DO FLAVIO - SUDOESTE 2;03/04/2026;Sexta-feira;0,0;0,0;4227,7;4227,7;4227,7;4227,7
1003 - BOLOS DO FLAVIO - SUDOESTE 2;04/04/2026;Sábado;0,0;0,0;5982,9;5982,9;5982,9;5982,9
1003 - BOLOS DO FLAVIO - SUDOESTE 2;05/04/2026;Domingo;0,0;0,0;3354,0;3354,0;3354,0;3354,0
1003 - BOLOS DO FLAVIO - SUDOESTE 2;06/04/2026;Segunda-feira;0,0;0,0;4216,9;4216,9;4216,9;4216,9
1003 - BOLOS DO FLAVIO - SUDOESTE 2;07/04/2026;Terça-feira;0,0;0,0;4553,9;4553,9;4553,9;4553,9
1003 - BOLOS DO FLAVIO - SUDOESTE 2;08/04/2026;Quarta-feira;0,0;0,0;4768,0;4768,0;4768,0;4768,0
1003 - BOLOS DO FLAVIO - SUDOESTE 2;09/04/2026;Quinta-feira;0,0;0,0;4506,9;4506,9;4506,9;4506,9
1003 - BOLOS DO FLAVIO - SUDOESTE 2;10/04/2026;Sexta-feira;0,0;0,0;7007,0;7007,0;7007,0;7007,0
1003 - BOLOS DO FLAVIO - SUDOESTE 2;11/04/2026;Sábado;0,0;0,0;7046,8;7046,8;7046,8;7046,8
1003 - BOLOS DO FLAVIO - SUDOESTE 2;12/04/2026;Domingo;0,0;0,0;2858,9;2858,9;2858,9;2858,9
1003 - BOLOS DO FLAVIO - SUDOESTE 2;13/04/2026;Segunda-feira;0,0;0,0;4321,8;4321,8;4321,8;4321,8
1003 - BOLOS DO FLAVIO - SUDOESTE 2;14/04/2026;Terça-feira;0,0;0,0;5296,0;5296,0;5296,0;5296,0
1003 - BOLOS DO FLAVIO - SUDOESTE 2;15/04/2026;Quarta-feira;0,0;0,0;3832,0;3832,0;3832,0;3832,0
1003 - BOLOS DO FLAVIO - SUDOESTE 2;16/04/2026;Quinta-feira;0,0;0,0;5757,9;5757,9;5757,9;5757,9
1003 - BOLOS DO FLAVIO - SUDOESTE 2;17/04/2026;Sexta-feira;0,0;0,0;7847,9;7847,9;7847,9;7847,9
1003 - BOLOS DO FLAVIO - SUDOESTE 2;18/04/2026;Sábado;0,0;0,0;8454,8;8454,8;8454,8;8454,8
1003 - BOLOS DO FLAVIO - SUDOESTE 2;19/04/2026;Domingo;0,0;0,0;4258,8;4258,8;4258,8;4258,8
1003 - BOLOS DO FLAVIO - SUDOESTE 2;20/04/2026;Segunda-feira;0,0;0,0;6264,6;6264,6;6264,6;6264,6
1003 - BOLOS DO FLAVIO - SUDOESTE 2;21/04/2026;Terça-feira;0,0;0,0;4886,8;4886,8;4886,8;4886,8
1003 - BOLOS DO FLAVIO - SUDOESTE 2;22/04/2026;Quarta-feira;0,0;0,0;5353,0;5353,0;5353,0;5353,0
1003 - BOLOS DO FLAVIO - SUDOESTE 2;23/04/2026;Quinta-feira;0,0;0,0;6367,9;6367,9;6367,9;6367,9
1003 - BOLOS DO FLAVIO - SUDOESTE 2;24/04/2026;Sexta-feira;0,0;0,0;7235,0;7235,0;7235,0;7235,0
1003 - BOLOS DO FLAVIO - SUDOESTE 2;25/04/2026;Sábado;0,0;0,0;6819,0;6819,0;6819,0;6819,0
1003 - BOLOS DO FLAVIO - SUDOESTE 2;26/04/2026;Domingo;0,0;0,0;1738,0;1738,0;1738,0;1738,0
1003 - BOLOS DO FLAVIO - SUDOESTE 2;27/04/2026;Segunda-feira;0,0;0,0;4762,9;4762,9;4762,9;4762,9
1003 - BOLOS DO FLAVIO - SUDOESTE 2;28/04/2026;Terça-feira;0,0;0,0;5749,4;5749,4;5749,4;5749,4
1003 - BOLOS DO FLAVIO - SUDOESTE 2;29/04/2026;Quarta-feira;0,0;0,0;5236,0;5236,0;5236,0;5236,0
1003 - BOLOS DO FLAVIO - SUDOESTE 2;30/04/2026;Quinta-feira;0,0;0,0;7847,0;7847,0;7847,0;7847,0
1004 - BOLOS DO FLAVIO - VIC. PIRES;01/04/2026;Quarta-feira;0,0;0,0;3847,0;3847,0;3847,0;3847,0
1004 - BOLOS DO FLAVIO - VIC. PIRES;02/04/2026;Quinta-feira;0,0;0,0;5002,0;5002,0;5002,0;5002,0
1004 - BOLOS DO FLAVIO - VIC. PIRES;03/04/2026;Sexta-feira;0,0;0,0;4252,9;4252,9;4252,9;4252,9
1004 - BOLOS DO FLAVIO - VIC. PIRES;04/04/2026;Sábado;0,0;0,0;4066,0;4066,0;4066,0;4066,0
1004 - BOLOS DO FLAVIO - VIC. PIRES;05/04/2026;Domingo;0,0;0,0;3502,1;3502,1;3502,1;3502,1
1004 - BOLOS DO FLAVIO - VIC. PIRES;06/04/2026;Segunda-feira;0,0;0,0;2614,0;2614,0;2614,0;2614,0
1004 - BOLOS DO FLAVIO - VIC. PIRES;07/04/2026;Terça-feira;0,0;0,0;4172,9;4172,9;4172,9;4172,9
1004 - BOLOS DO FLAVIO - VIC. PIRES;08/04/2026;Quarta-feira;0,0;0,0;2146,0;2146,0;2146,0;2146,0
1004 - BOLOS DO FLAVIO - VIC. PIRES;09/04/2026;Quinta-feira;0,0;0,0;2608,0;2608,0;2608,0;2608,0
1004 - BOLOS DO FLAVIO - VIC. PIRES;10/04/2026;Sexta-feira;0,0;0,0;4548,0;4548,0;4548,0;4548,0
1004 - BOLOS DO FLAVIO - VIC. PIRES;11/04/2026;Sábado;0,0;0,0;5779,0;5779,0;5779,0;5779,0
1004 - BOLOS DO FLAVIO - VIC. PIRES;12/04/2026;Domingo;0,0;0,0;2905,0;2905,0;2905,0;2905,0
1004 - BOLOS DO FLAVIO - VIC. PIRES;13/04/2026;Segunda-feira;0,0;0,0;3213,9;3213,9;3213,9;3213,9
1004 - BOLOS DO FLAVIO - VIC. PIRES;14/04/2026;Terça-feira;0,0;0,0;3104,0;3104,0;3104,0;3104,0
1004 - BOLOS DO FLAVIO - VIC. PIRES;15/04/2026;Quarta-feira;0,0;0,0;4001,8;4001,8;4001,8;4001,8
1004 - BOLOS DO FLAVIO - VIC. PIRES;16/04/2026;Quinta-feira;0,0;0,0;4547,0;4547,0;4547,0;4547,0
1004 - BOLOS DO FLAVIO - VIC. PIRES;17/04/2026;Sexta-feira;0,0;0,0;3883,0;3883,0;3883,0;3883,0
1004 - BOLOS DO FLAVIO - VIC. PIRES;18/04/2026;Sábado;0,0;0,0;5491,8;5491,8;5491,8;5491,8
1004 - BOLOS DO FLAVIO - VIC. PIRES;19/04/2026;Domingo;0,0;0,0;4126,9;4126,9;4126,9;4126,9
1004 - BOLOS DO FLAVIO - VIC. PIRES;20/04/2026;Segunda-feira;0,0;0,0;3832,0;3832,0;3832,0;3832,0
1004 - BOLOS DO FLAVIO - VIC. PIRES;21/04/2026;Terça-feira;0,0;0,0;2965,0;2965,0;2965,0;2965,0
1004 - BOLOS DO FLAVIO - VIC. PIRES;22/04/2026;Quarta-feira;0,0;0,0;4753,0;4753,0;4753,0;4753,0
1004 - BOLOS DO FLAVIO - VIC. PIRES;23/04/2026;Quinta-feira;0,0;0,0;4751,9;4751,9;4751,9;4751,9
1004 - BOLOS DO FLAVIO - VIC. PIRES;24/04/2026;Sexta-feira;0,0;0,0;5546,0;5546,0;5546,0;5546,0
1004 - BOLOS DO FLAVIO - VIC. PIRES;25/04/2026;Sábado;0,0;0,0;6160,9;6160,9;6160,9;6160,9
1004 - BOLOS DO FLAVIO - VIC. PIRES;26/04/2026;Domingo;0,0;0,0;4886,0;4886,0;4886,0;4886,0
1004 - BOLOS DO FLAVIO - VIC. PIRES;27/04/2026;Segunda-feira;0,0;0,0;3827,9;3827,9;3827,9;3827,9
1004 - BOLOS DO FLAVIO - VIC. PIRES;28/04/2026;Terça-feira;0,0;0,0;4094,0;4094,0;4094,0;4094,0
1004 - BOLOS DO FLAVIO - VIC. PIRES;29/04/2026;Quarta-feira;0,0;0,0;4357,0;4357,0;4357,0;4357,0
1004 - BOLOS DO FLAVIO - VIC. PIRES;30/04/2026;Quinta-feira;0,0;0,0;5622,9;5622,9;5622,9;5622,9
1005 - BOLOS DO FLAVIO - CEILANDIA;01/04/2026;Quarta-feira;0,0;0,0;4348,0;4348,0;4348,0;4348,0
1005 - BOLOS DO FLAVIO - CEILANDIA;02/04/2026;Quinta-feira;0,0;0,0;4992,9;4992,9;4992,9;4992,9
1005 - BOLOS DO FLAVIO - CEILANDIA;03/04/2026;Sexta-feira;0,0;0,0;5197,8;5197,8;5197,8;5197,8
1005 - BOLOS DO FLAVIO - CEILANDIA;04/04/2026;Sábado;0,0;0,0;6132,0;6132,0;6132,0;6132,0
1005 - BOLOS DO FLAVIO - CEILANDIA;05/04/2026;Domingo;0,0;0,0;3697,0;3697,0;3697,0;3697,0
1005 - BOLOS DO FLAVIO - CEILANDIA;06/04/2026;Segunda-feira;0,0;0,0;2905,0;2905,0;2905,0;2905,0
1005 - BOLOS DO FLAVIO - CEILANDIA;07/04/2026;Terça-feira;0,0;0,0;4257,0;4257,0;4257,0;4257,0
1005 - BOLOS DO FLAVIO - CEILANDIA;08/04/2026;Quarta-feira;0,0;0,0;3289,0;3289,0;3289,0;3289,0
1005 - BOLOS DO FLAVIO - CEILANDIA;09/04/2026;Quinta-feira;0,0;0,0;4466,0;4466,0;4466,0;4466,0
1005 - BOLOS DO FLAVIO - CEILANDIA;10/04/2026;Sexta-feira;0,0;0,0;4832,0;4832,0;4832,0;4832,0
1005 - BOLOS DO FLAVIO - CEILANDIA;11/04/2026;Sábado;0,0;0,0;5434,0;5434,0;5434,0;5434,0
1005 - BOLOS DO FLAVIO - CEILANDIA;12/04/2026;Domingo;0,0;0,0;4205,0;4205,0;4205,0;4205,0
1005 - BOLOS DO FLAVIO - CEILANDIA;13/04/2026;Segunda-feira;0,0;0,0;3345,0;3345,0;3345,0;3345,0
1005 - BOLOS DO FLAVIO - CEILANDIA;14/04/2026;Terça-feira;0,0;0,0;4156,0;4156,0;4156,0;4156,0
1005 - BOLOS DO FLAVIO - CEILANDIA;15/04/2026;Quarta-feira;0,0;0,0;3489,0;3489,0;3489,0;3489,0
1005 - BOLOS DO FLAVIO - CEILANDIA;16/04/2026;Quinta-feira;0,0;0,0;4094,0;4094,0;4094,0;4094,0
1005 - BOLOS DO FLAVIO - CEILANDIA;17/04/2026;Sexta-feira;0,0;0,0;4534,0;4534,0;4534,0;4534,0
1005 - BOLOS DO FLAVIO - CEILANDIA;18/04/2026;Sábado;0,0;0,0;6633,0;6633,0;6633,0;6633,0
1005 - BOLOS DO FLAVIO - CEILANDIA;19/04/2026;Domingo;0,0;0,0;3728,9;3728,9;3728,9;3728,9
1005 - BOLOS DO FLAVIO - CEILANDIA;20/04/2026;Segunda-feira;0,0;0,0;4861,0;4861,0;4861,0;4861,0
1005 - BOLOS DO FLAVIO - CEILANDIA;21/04/2026;Terça-feira;0,0;0,0;4932,9;4932,9;4932,9;4932,9
1005 - BOLOS DO FLAVIO - CEILANDIA;22/04/2026;Quarta-feira;0,0;0,0;3762,0;3762,0;3762,0;3762,0
1005 - BOLOS DO FLAVIO - CEILANDIA;23/04/2026;Quinta-feira;0,0;0,0;4073,0;4073,0;4073,0;4073,0
1005 - BOLOS DO FLAVIO - CEILANDIA;24/04/2026;Sexta-feira;0,0;0,0;4883,0;4883,0;4883,0;4883,0
1005 - BOLOS DO FLAVIO - CEILANDIA;25/04/2026;Sábado;0,0;0,0;6099,0;6099,0;6099,0;6099,0
1005 - BOLOS DO FLAVIO - CEILANDIA;26/04/2026;Domingo;0,0;0,0;4202,0;4202,0;4202,0;4202,0
1005 - BOLOS DO FLAVIO - CEILANDIA;27/04/2026;Segunda-feira;0,0;0,0;3290,0;3290,0;3290,0;3290,0
1005 - BOLOS DO FLAVIO - CEILANDIA;28/04/2026;Terça-feira;0,0;0,0;4460,0;4460,0;4460,0;4460,0
1005 - BOLOS DO FLAVIO - CEILANDIA;29/04/2026;Quarta-feira;0,0;0,0;4038,0;4038,0;4038,0;4038,0
1005 - BOLOS DO FLAVIO - CEILANDIA;30/04/2026;Quinta-feira;0,0;0,0;5454,7;5454,7;5454,7;5454,7
1006 - BOLOS DO FLAVIO-TAGSUL ALAMEDA;01/04/2026;Quarta-feira;0,0;0,0;1962,0;1962,0;1962,0;1962,0
1006 - BOLOS DO FLAVIO-TAGSUL ALAMEDA;02/04/2026;Quinta-feira;0,0;0,0;2416,0;2416,0;2416,0;2416,0
1006 - BOLOS DO FLAVIO-TAGSUL ALAMEDA;03/04/2026;Sexta-feira;0,0;0,0;968,0;968,0;968,0;968,0
1006 - BOLOS DO FLAVIO-TAGSUL ALAMEDA;04/04/2026;Sábado;0,0;0,0;2081,0;2081,0;2081,0;2081,0
1006 - BOLOS DO FLAVIO-TAGSUL ALAMEDA;06/04/2026;Segunda-feira;0,0;0,0;981,0;981,0;981,0;981,0
1006 - BOLOS DO FLAVIO-TAGSUL ALAMEDA;07/04/2026;Terça-feira;0,0;0,0;1609,0;1609,0;1609,0;1609,0
1006 - BOLOS DO FLAVIO-TAGSUL ALAMEDA;08/04/2026;Quarta-feira;0,0;0,0;976,0;976,0;976,0;976,0
1006 - BOLOS DO FLAVIO-TAGSUL ALAMEDA;09/04/2026;Quinta-feira;0,0;0,0;1571,0;1571,0;1571,0;1571,0
1006 - BOLOS DO FLAVIO-TAGSUL ALAMEDA;10/04/2026;Sexta-feira;0,0;0,0;1590,0;1590,0;1590,0;1590,0
1006 - BOLOS DO FLAVIO-TAGSUL ALAMEDA;11/04/2026;Sábado;0,0;0,0;2595,0;2595,0;2595,0;2595,0
1006 - BOLOS DO FLAVIO-TAGSUL ALAMEDA;13/04/2026;Segunda-feira;0,0;0,0;1569,0;1569,0;1569,0;1569,0
1006 - BOLOS DO FLAVIO-TAGSUL ALAMEDA;14/04/2026;Terça-feira;0,0;0,0;1775,9;1775,9;1775,9;1775,9
1006 - BOLOS DO FLAVIO-TAGSUL ALAMEDA;15/04/2026;Quarta-feira;0,0;0,0;1584,0;1584,0;1584,0;1584,0
1006 - BOLOS DO FLAVIO-TAGSUL ALAMEDA;16/04/2026;Quinta-feira;0,0;0,0;2051,9;2051,9;2051,9;2051,9
1006 - BOLOS DO FLAVIO-TAGSUL ALAMEDA;17/04/2026;Sexta-feira;0,0;0,0;2197,0;2197,0;2197,0;2197,0
1006 - BOLOS DO FLAVIO-TAGSUL ALAMEDA;18/04/2026;Sábado;0,0;0,0;1676,0;1676,0;1676,0;1676,0
1006 - BOLOS DO FLAVIO-TAGSUL ALAMEDA;20/04/2026;Segunda-feira;0,0;0,0;1962,9;1962,9;1962,9;1962,9
1006 - BOLOS DO FLAVIO-TAGSUL ALAMEDA;21/04/2026;Terça-feira;0,0;0,0;1392,9;1392,9;1392,9;1392,9
1006 - BOLOS DO FLAVIO-TAGSUL ALAMEDA;22/04/2026;Quarta-feira;0,0;0,0;1022,0;1022,0;1022,0;1022,0
1006 - BOLOS DO FLAVIO-TAGSUL ALAMEDA;23/04/2026;Quinta-feira;0,0;0,0;551,0;551,0;551,0;551,0
1006 - BOLOS DO FLAVIO-TAGSUL ALAMEDA;24/04/2026;Sexta-feira;0,0;0,0;763,0;763,0;763,0;763,0
1006 - BOLOS DO FLAVIO-TAGSUL ALAMEDA;25/04/2026;Sábado;0,0;0,0;679,0;679,0;679,0;679,0
1006 - BOLOS DO FLAVIO-TAGSUL ALAMEDA;27/04/2026;Segunda-feira;0,0;0,0;1410,0;1410,0;1410,0;1410,0
1006 - BOLOS DO FLAVIO-TAGSUL ALAMEDA;28/04/2026;Terça-feira;0,0;0,0;1824,0;1824,0;1824,0;1824,0
1006 - BOLOS DO FLAVIO-TAGSUL ALAMEDA;29/04/2026;Quarta-feira;0,0;0,0;2094,9;2094,9;2094,9;2094,9
1006 - BOLOS DO FLAVIO-TAGSUL ALAMEDA;30/04/2026;Quinta-feira;0,0;0,0;2056,0;2056,0;2056,0;2056,0
